[11:57:31 CST 2026/04/19] [ERRO] (decoupled_handler.go:github.com/zhukovaskychina/xmysql-server/server/net.(*DecoupledMySQLMessageHandler).OnMessage:329) [OnMessage] [COM_QUIT: quit] SessionID=session session-closed, Read Bytes: 1012, Write Bytes: 1478, Read Pkgs: 3, Write Pkgs: 25, RemoteAddr=127.0.0.1:51000 - 找不到会话
[11:57:31 CST 2026/04/19] [ERRO] (decoupled_handler.go:github.com/zhukovaskychina/xmysql-server/server/net.(*DecoupledMySQLMessageHandler).OnMessage:329) [OnMessage] [COM_QUIT: quit] SessionID=session session-closed, Read Bytes: 1012, Write Bytes: 1478, Read Pkgs: 3, Write Pkgs: 25, RemoteAddr=127.0.0.1:51002 - 找不到会话
[11:57:31 CST 2026/04/19] [ERRO] (decoupled_handler.go:github.com/zhukovaskychina/xmysql-server/server/net.(*DecoupledMySQLMessageHandler).OnMessage:329) [OnMessage] [COM_QUIT: quit] SessionID=session session-closed, Read Bytes: 1055, Write Bytes: 1496, Read Pkgs: 4, Write Pkgs: 26, RemoteAddr=127.0.0.1:51003 - 找不到会话
[11:57:31 CST 2026/04/19] [ERRO] (decoupled_handler.go:github.com/zhukovaskychina/xmysql-server/server/net.(*DecoupledMySQLMessageHandler).OnMessage:329) [OnMessage] [COM_QUIT: quit] SessionID=session session-closed, Read Bytes: 1012, Write Bytes: 1478, Read Pkgs: 3, Write Pkgs: 25, RemoteAddr=127.0.0.1:51004 - 找不到会话
[11:57:31 CST 2026/04/19] [ERRO] (decoupled_handler.go:github.com/zhukovaskychina/xmysql-server/server/net.(*DecoupledMySQLMessageHandler).OnMessage:329) [OnMessage] [COM_QUIT: quit] SessionID=session session-closed, Read Bytes: 1032, Write Bytes: 1660, Read Pkgs: 4, Write Pkgs: 32, RemoteAddr=127.0.0.1:51007 - 找不到会话
[11:58:02 CST 2026/04/19] [ERRO] (enhanced_message_handler.go:github.com/zhukovaskychina/xmysql-server/server/dispatcher.(*EnhancedBusinessMessageHandler).HandleQueryWithRealSession:130)  SQL执行错误: database 'test_ddl_db_2' does not exist
[11:58:02 CST 2026/04/19] [ERRO] (enhanced_message_handler.go:github.com/zhukovaskychina/xmysql-server/server/dispatcher.(*EnhancedBusinessMessageHandler).HandleQueryWithRealSession:130)  SQL执行错误: database 'test_ddl_db_1' does not exist
[11:58:02 CST 2026/04/19] [ERRO] (enhanced_message_handler.go:github.com/zhukovaskychina/xmysql-server/server/dispatcher.(*EnhancedBusinessMessageHandler).HandleQueryWithRealSession:130)  SQL执行错误: database 'test_ddl_db_1' does not exist
[11:58:02 CST 2026/04/19] [ERRO] (enhanced_message_handler.go:github.com/zhukovaskychina/xmysql-server/server/dispatcher.(*EnhancedBusinessMessageHandler).HandleQueryWithRealSession:130)  SQL执行错误: database 'test_ddl_db_1' does not exist
[11:58:02 CST 2026/04/19] [ERRO] (enhanced_message_handler.go:github.com/zhukovaskychina/xmysql-server/server/dispatcher.(*EnhancedBusinessMessageHandler).HandleQueryWithRealSession:130)  SQL执行错误: database 'test_ddl_db_5' does not exist
[11:58:02 CST 2026/04/19] [ERRO] (enhanced_message_handler.go:github.com/zhukovaskychina/xmysql-server/server/dispatcher.(*EnhancedBusinessMessageHandler).HandleQueryWithRealSession:130)  SQL执行错误: database 'test_ddl_db_1' does not exist
[11:58:02 CST 2026/04/19] [ERRO] (enhanced_message_handler.go:github.com/zhukovaskychina/xmysql-server/server/dispatcher.(*EnhancedBusinessMessageHandler).HandleQueryWithRealSession:130)  SQL执行错误: invalid system variable query
[11:58:02 CST 2026/04/19] [ERRO] (enhanced_message_handler.go:github.com/zhukovaskychina/xmysql-server/server/dispatcher.(*EnhancedBusinessMessageHandler).HandleQueryWithRealSession:130)  SQL执行错误: database 'test_ddl_db_1' does not exist
[11:58:02 CST 2026/04/19] [ERRO] (enhanced_message_handler.go:github.com/zhukovaskychina/xmysql-server/server/dispatcher.(*EnhancedBusinessMessageHandler).HandleQueryWithRealSession:130)  SQL执行错误: invalid system variable query
[11:58:02 CST 2026/04/19] [ERRO] (enhanced_message_handler.go:github.com/zhukovaskychina/xmysql-server/server/dispatcher.(*EnhancedBusinessMessageHandler).HandleQueryWithRealSession:130)  SQL执行错误: database 'test_ddl_db_1' does not exist
[11:58:02 CST 2026/04/19] [ERRO] (enhanced_message_handler.go:github.com/zhukovaskychina/xmysql-server/server/dispatcher.(*EnhancedBusinessMessageHandler).HandleQueryWithRealSession:130)  SQL执行错误: invalid system variable query
[11:58:02 CST 2026/04/19] [ERRO] (enhanced_message_handler.go:github.com/zhukovaskychina/xmysql-server/server/dispatcher.(*EnhancedBusinessMessageHandler).HandleQueryWithRealSession:130)  SQL执行错误: database 'test_ddl_db_1' does not exist
[11:58:02 CST 2026/04/19] [ERRO] (enhanced_message_handler.go:github.com/zhukovaskychina/xmysql-server/server/dispatcher.(*EnhancedBusinessMessageHandler).HandleQueryWithRealSession:130)  SQL执行错误: invalid system variable query
[11:58:02 CST 2026/04/19] [ERRO] (enhanced_message_handler.go:github.com/zhukovaskychina/xmysql-server/server/dispatcher.(*EnhancedBusinessMessageHandler).HandleQueryWithRealSession:130)  SQL执行错误: database 'test_ddl_db_1' does not exist
[11:58:02 CST 2026/04/19] [ERRO] (enhanced_message_handler.go:github.com/zhukovaskychina/xmysql-server/server/dispatcher.(*EnhancedBusinessMessageHandler).HandleQueryWithRealSession:130)  SQL执行错误: unsupported DDL action: alter
[11:58:02 CST 2026/04/19] [ERRO] (enhanced_message_handler.go:github.com/zhukovaskychina/xmysql-server/server/dispatcher.(*EnhancedBusinessMessageHandler).HandleQueryWithRealSession:130)  SQL执行错误: database 'test_ddl_db_1' does not exist
[11:58:02 CST 2026/04/19] [ERRO] (enhanced_message_handler.go:github.com/zhukovaskychina/xmysql-server/server/dispatcher.(*EnhancedBusinessMessageHandler).HandleQueryWithRealSession:130)  SQL执行错误: execute storage-integrated INSERT failed: 解析INSERT数据失败: 列数量不匹配: 期望 0，实际 2
[11:58:02 CST 2026/04/19] [ERRO] (enhanced_message_handler.go:github.com/zhukovaskychina/xmysql-server/server/dispatcher.(*EnhancedBusinessMessageHandler).HandleQueryWithRealSession:130)  SQL执行错误: database 'test_ddl_db_1' does not exist
[11:58:02 CST 2026/04/19] [ERRO] (enhanced_message_handler.go:github.com/zhukovaskychina/xmysql-server/server/dispatcher.(*EnhancedBusinessMessageHandler).HandleQueryWithRealSession:130)  SQL执行错误: database 'test_ddl_db_1' does not exist
[11:58:02 CST 2026/04/19] [ERRO] (enhanced_message_handler.go:github.com/zhukovaskychina/xmysql-server/server/dispatcher.(*EnhancedBusinessMessageHandler).HandleQueryWithRealSession:130)  SQL执行错误: database 'test_ddl_db_1' does not exist
[11:58:02 CST 2026/04/19] [ERRO] (enhanced_message_handler.go:github.com/zhukovaskychina/xmysql-server/server/dispatcher.(*EnhancedBusinessMessageHandler).HandleQueryWithRealSession:130)  SQL执行错误: database 'test_ddl_db_1' does not exist
[11:58:02 CST 2026/04/19] [ERRO] (enhanced_message_handler.go:github.com/zhukovaskychina/xmysql-server/server/dispatcher.(*EnhancedBusinessMessageHandler).HandleQueryWithRealSession:130)  SQL执行错误: unsupported DDL action: truncate
[11:58:02 CST 2026/04/19] [ERRO] (enhanced_message_handler.go:github.com/zhukovaskychina/xmysql-server/server/dispatcher.(*EnhancedBusinessMessageHandler).HandleQueryWithRealSession:130)  SQL执行错误: unsupported DDL action: truncate
[11:58:02 CST 2026/04/19] [ERRO] (enhanced_message_handler.go:github.com/zhukovaskychina/xmysql-server/server/dispatcher.(*EnhancedBusinessMessageHandler).HandleQueryWithRealSession:130)  SQL执行错误: unsupported DDL action: truncate
[11:58:02 CST 2026/04/19] [ERRO] (enhanced_message_handler.go:github.com/zhukovaskychina/xmysql-server/server/dispatcher.(*EnhancedBusinessMessageHandler).HandleQueryWithRealSession:130)  SQL执行错误: unsupported DDL action: truncate
[11:58:02 CST 2026/04/19] [ERRO] (enhanced_message_handler.go:github.com/zhukovaskychina/xmysql-server/server/dispatcher.(*EnhancedBusinessMessageHandler).HandleQueryWithRealSession:130)  SQL执行错误: unsupported DDL action: truncate
[11:58:02 CST 2026/04/19] [ERRO] (enhanced_message_handler.go:github.com/zhukovaskychina/xmysql-server/server/dispatcher.(*EnhancedBusinessMessageHandler).HandleQueryWithRealSession:130)  SQL执行错误: unsupported DDL action: truncate
[11:58:02 CST 2026/04/19] [ERRO] (enhanced_message_handler.go:github.com/zhukovaskychina/xmysql-server/server/dispatcher.(*EnhancedBusinessMessageHandler).HandleQueryWithRealSession:130)  SQL执行错误: unsupported DDL action: truncate
[11:58:02 CST 2026/04/19] [ERRO] (enhanced_message_handler.go:github.com/zhukovaskychina/xmysql-server/server/dispatcher.(*EnhancedBusinessMessageHandler).HandleQueryWithRealSession:130)  SQL执行错误: unsupported DDL action: truncate
[11:58:02 CST 2026/04/19] [ERRO] (enhanced_message_handler.go:github.com/zhukovaskychina/xmysql-server/server/dispatcher.(*EnhancedBusinessMessageHandler).HandleQueryWithRealSession:130)  SQL执行错误: unsupported DDL action: truncate
[11:58:02 CST 2026/04/19] [ERRO] (enhanced_message_handler.go:github.com/zhukovaskychina/xmysql-server/server/dispatcher.(*EnhancedBusinessMessageHandler).HandleQueryWithRealSession:130)  SQL执行错误: unsupported DDL action: truncate
[11:58:02 CST 2026/04/19] [ERRO] (enhanced_message_handler.go:github.com/zhukovaskychina/xmysql-server/server/dispatcher.(*EnhancedBusinessMessageHandler).HandleQueryWithRealSession:130)  SQL执行错误: unsupported DDL action: truncate
[11:58:02 CST 2026/04/19] [ERRO] (enhanced_message_handler.go:github.com/zhukovaskychina/xmysql-server/server/dispatcher.(*EnhancedBusinessMessageHandler).HandleQueryWithRealSession:130)  SQL执行错误: unsupported DDL action: truncate
[11:58:02 CST 2026/04/19] [ERRO] (decoupled_handler.go:github.com/zhukovaskychina/xmysql-server/server/net.(*DecoupledMySQLMessageHandler).OnMessage:329) [OnMessage] [COM_QUIT: quit] SessionID=session session-closed, Read Bytes: 1678, Write Bytes: 2062, Read Pkgs: 19, Write Pkgs: 41, RemoteAddr=127.0.0.1:51156 - 找不到会话
[11:58:02 CST 2026/04/19] [ERRO] (enhanced_message_handler.go:github.com/zhukovaskychina/xmysql-server/server/dispatcher.(*EnhancedBusinessMessageHandler).HandleQueryWithRealSession:130)  SQL执行错误: unsupported DDL action: truncate
[11:58:02 CST 2026/04/19] [ERRO] (enhanced_message_handler.go:github.com/zhukovaskychina/xmysql-server/server/dispatcher.(*EnhancedBusinessMessageHandler).HandleQueryWithRealSession:130)  SQL执行错误: unsupported DDL action: truncate
[11:58:02 CST 2026/04/19] [ERRO] (enhanced_message_handler.go:github.com/zhukovaskychina/xmysql-server/server/dispatcher.(*EnhancedBusinessMessageHandler).HandleQueryWithRealSession:130)  SQL执行错误: unsupported DDL action: truncate
[11:58:02 CST 2026/04/19] [ERRO] (enhanced_message_handler.go:github.com/zhukovaskychina/xmysql-server/server/dispatcher.(*EnhancedBusinessMessageHandler).HandleQueryWithRealSession:130)  SQL执行错误: unsupported DDL action: truncate
[11:58:02 CST 2026/04/19] [ERRO] (enhanced_message_handler.go:github.com/zhukovaskychina/xmysql-server/server/dispatcher.(*EnhancedBusinessMessageHandler).HandleQueryWithRealSession:130)  SQL执行错误: unsupported DDL action: truncate
[11:58:02 CST 2026/04/19] [ERRO] (enhanced_message_handler.go:github.com/zhukovaskychina/xmysql-server/server/dispatcher.(*EnhancedBusinessMessageHandler).HandleQueryWithRealSession:130)  SQL执行错误: unsupported DDL action: truncate
[11:58:02 CST 2026/04/19] [ERRO] (enhanced_message_handler.go:github.com/zhukovaskychina/xmysql-server/server/dispatcher.(*EnhancedBusinessMessageHandler).HandleQueryWithRealSession:130)  SQL执行错误: unsupported DDL action: truncate
[11:58:02 CST 2026/04/19] [ERRO] (enhanced_message_handler.go:github.com/zhukovaskychina/xmysql-server/server/dispatcher.(*EnhancedBusinessMessageHandler).HandleQueryWithRealSession:130)  SQL执行错误: unsupported DDL action: truncate
[11:58:02 CST 2026/04/19] [ERRO] (storage_integrated_dml_executor.go:github.com/zhukovaskychina/xmysql-server/server/innodb/engine.(*StorageIntegratedDMLExecutor).insertRowToStorage:448)  立即持久化页面失败: 获取页面失败: failed to read page from storage: failed to read page 3: failed to read page: EOF
[11:58:02 CST 2026/04/19] [ERRO] (enhanced_message_handler.go:github.com/zhukovaskychina/xmysql-server/server/dispatcher.(*EnhancedBusinessMessageHandler).HandleQueryWithRealSession:130)  SQL执行错误: execute storage-integrated INSERT failed: 更新索引失败: 生成主键字节失败: 未找到主键列或主键值
[11:58:02 CST 2026/04/19] [ERRO] (storage_integrated_dml_executor.go:github.com/zhukovaskychina/xmysql-server/server/innodb/engine.(*StorageIntegratedDMLExecutor).insertRowToStorage:448)  立即持久化页面失败: 获取页面失败: failed to read page from storage: failed to read page 3: failed to read page: EOF
[11:58:02 CST 2026/04/19] [ERRO] (enhanced_message_handler.go:github.com/zhukovaskychina/xmysql-server/server/dispatcher.(*EnhancedBusinessMessageHandler).HandleQueryWithRealSession:130)  SQL执行错误: execute storage-integrated INSERT failed: 更新索引失败: 生成主键字节失败: 未找到主键列或主键值
[11:58:02 CST 2026/04/19] [ERRO] (storage_integrated_dml_executor.go:github.com/zhukovaskychina/xmysql-server/server/innodb/engine.(*StorageIntegratedDMLExecutor).insertRowToStorage:448)  立即持久化页面失败: 获取页面失败: failed to read page from storage: failed to read page 3: failed to read page: EOF
[11:58:02 CST 2026/04/19] [ERRO] (enhanced_message_handler.go:github.com/zhukovaskychina/xmysql-server/server/dispatcher.(*EnhancedBusinessMessageHandler).HandleQueryWithRealSession:130)  SQL执行错误: execute storage-integrated INSERT failed: 更新索引失败: 生成主键字节失败: 未找到主键列或主键值
[11:58:02 CST 2026/04/19] [ERRO] (storage_integrated_dml_executor.go:github.com/zhukovaskychina/xmysql-server/server/innodb/engine.(*StorageIntegratedDMLExecutor).insertRowToStorage:448)  立即持久化页面失败: 获取页面失败: failed to read page from storage: failed to read page 3: failed to read page: EOF
[11:58:02 CST 2026/04/19] [ERRO] (enhanced_message_handler.go:github.com/zhukovaskychina/xmysql-server/server/dispatcher.(*EnhancedBusinessMessageHandler).HandleQueryWithRealSession:130)  SQL执行错误: execute storage-integrated INSERT failed: 更新索引失败: 生成主键字节失败: 未找到主键列或主键值
[11:58:02 CST 2026/04/19] [ERRO] (storage_integrated_dml_executor.go:github.com/zhukovaskychina/xmysql-server/server/innodb/engine.(*StorageIntegratedDMLExecutor).insertRowToStorage:448)  立即持久化页面失败: 获取页面失败: failed to read page from storage: failed to read page 3: failed to read page: EOF
[11:58:02 CST 2026/04/19] [ERRO] (enhanced_message_handler.go:github.com/zhukovaskychina/xmysql-server/server/dispatcher.(*EnhancedBusinessMessageHandler).HandleQueryWithRealSession:130)  SQL执行错误: execute storage-integrated INSERT failed: 更新索引失败: 生成主键字节失败: 未找到主键列或主键值
[11:58:02 CST 2026/04/19] [ERRO] (storage_integrated_dml_executor.go:github.com/zhukovaskychina/xmysql-server/server/innodb/engine.(*StorageIntegratedDMLExecutor).insertRowToStorage:448)  立即持久化页面失败: 获取页面失败: failed to read page from storage: failed to read page 3: failed to read page: EOF
[11:58:02 CST 2026/04/19] [ERRO] (enhanced_message_handler.go:github.com/zhukovaskychina/xmysql-server/server/dispatcher.(*EnhancedBusinessMessageHandler).HandleQueryWithRealSession:130)  SQL执行错误: execute storage-integrated INSERT failed: 更新索引失败: 生成主键字节失败: 未找到主键列或主键值
[11:58:02 CST 2026/04/19] [ERRO] (storage_integrated_dml_executor.go:github.com/zhukovaskychina/xmysql-server/server/innodb/engine.(*StorageIntegratedDMLExecutor).insertRowToStorage:448)  立即持久化页面失败: 获取页面失败: failed to read page from storage: failed to read page 3: failed to read page: EOF
[11:58:02 CST 2026/04/19] [ERRO] (enhanced_message_handler.go:github.com/zhukovaskychina/xmysql-server/server/dispatcher.(*EnhancedBusinessMessageHandler).HandleQueryWithRealSession:130)  SQL执行错误: execute storage-integrated INSERT failed: 更新索引失败: 生成主键字节失败: 未找到主键列或主键值
[11:58:02 CST 2026/04/19] [ERRO] (storage_integrated_dml_executor.go:github.com/zhukovaskychina/xmysql-server/server/innodb/engine.(*StorageIntegratedDMLExecutor).insertRowToStorage:448)  立即持久化页面失败: 获取页面失败: failed to read page from storage: failed to read page 3: failed to read page: EOF
[11:58:02 CST 2026/04/19] [ERRO] (enhanced_message_handler.go:github.com/zhukovaskychina/xmysql-server/server/dispatcher.(*EnhancedBusinessMessageHandler).HandleQueryWithRealSession:130)  SQL执行错误: execute storage-integrated INSERT failed: 更新索引失败: 生成主键字节失败: 未找到主键列或主键值
[11:58:02 CST 2026/04/19] [ERRO] (storage_integrated_dml_executor.go:github.com/zhukovaskychina/xmysql-server/server/innodb/engine.(*StorageIntegratedDMLExecutor).insertRowToStorage:448)  立即持久化页面失败: 获取页面失败: failed to read page from storage: failed to read page 3: failed to read page: EOF
[11:58:02 CST 2026/04/19] [ERRO] (enhanced_message_handler.go:github.com/zhukovaskychina/xmysql-server/server/dispatcher.(*EnhancedBusinessMessageHandler).HandleQueryWithRealSession:130)  SQL执行错误: execute storage-integrated INSERT failed: 更新索引失败: 生成主键字节失败: 未找到主键列或主键值
[11:58:02 CST 2026/04/19] [ERRO] (storage_integrated_dml_executor.go:github.com/zhukovaskychina/xmysql-server/server/innodb/engine.(*StorageIntegratedDMLExecutor).insertRowToStorage:448)  立即持久化页面失败: 获取页面失败: failed to read page from storage: failed to read page 3: failed to read page: EOF
[11:58:02 CST 2026/04/19] [ERRO] (enhanced_message_handler.go:github.com/zhukovaskychina/xmysql-server/server/dispatcher.(*EnhancedBusinessMessageHandler).HandleQueryWithRealSession:130)  SQL执行错误: execute storage-integrated INSERT failed: 更新索引失败: 生成主键字节失败: 未找到主键列或主键值
[11:58:02 CST 2026/04/19] [ERRO] (storage_integrated_dml_executor.go:github.com/zhukovaskychina/xmysql-server/server/innodb/engine.(*StorageIntegratedDMLExecutor).insertRowToStorage:448)  立即持久化页面失败: 获取页面失败: failed to read page from storage: failed to read page 3: failed to read page: EOF
[11:58:02 CST 2026/04/19] [ERRO] (enhanced_message_handler.go:github.com/zhukovaskychina/xmysql-server/server/dispatcher.(*EnhancedBusinessMessageHandler).HandleQueryWithRealSession:130)  SQL执行错误: execute storage-integrated INSERT failed: 更新索引失败: 生成主键字节失败: 未找到主键列或主键值
[11:58:02 CST 2026/04/19] [ERRO] (decoupled_handler.go:github.com/zhukovaskychina/xmysql-server/server/net.(*DecoupledMySQLMessageHandler).OnMessage:329) [OnMessage] [COM_QUIT: quit] SessionID=session session-closed, Read Bytes: 4058, Write Bytes: 3073, Read Pkgs: 28, Write Pkgs: 50, RemoteAddr=127.0.0.1:51158 - 找不到会话
[11:58:02 CST 2026/04/19] [ERRO] (enhanced_message_handler.go:github.com/zhukovaskychina/xmysql-server/server/dispatcher.(*EnhancedBusinessMessageHandler).HandleQueryWithRealSession:130)  SQL执行错误: execute storage-integrated INSERT failed: 解析INSERT数据失败: 列数量不匹配: 期望 0，实际 2
[11:58:02 CST 2026/04/19] [ERRO] (enhanced_message_handler.go:github.com/zhukovaskychina/xmysql-server/server/dispatcher.(*EnhancedBusinessMessageHandler).HandleQueryWithRealSession:130)  SQL执行错误: execute storage-integrated INSERT failed: 解析INSERT数据失败: 列数量不匹配: 期望 0，实际 3
[11:58:02 CST 2026/04/19] [ERRO] (storage_integrated_dml_executor.go:github.com/zhukovaskychina/xmysql-server/server/innodb/engine.(*StorageIntegratedDMLExecutor).insertRowToStorage:448)  立即持久化页面失败: 获取页面失败: failed to read page from storage: failed to read page 3: failed to read page: EOF
[11:58:02 CST 2026/04/19] [ERRO] (enhanced_message_handler.go:github.com/zhukovaskychina/xmysql-server/server/dispatcher.(*EnhancedBusinessMessageHandler).HandleQueryWithRealSession:130)  SQL执行错误: execute storage-integrated INSERT failed: 更新索引失败: 生成主键字节失败: 未找到主键列或主键值
[11:58:02 CST 2026/04/19] [ERRO] (storage_integrated_dml_executor.go:github.com/zhukovaskychina/xmysql-server/server/innodb/engine.(*StorageIntegratedDMLExecutor).insertRowToStorage:448)  立即持久化页面失败: 获取页面失败: failed to read page from storage: failed to read page 3: failed to read page: EOF
[11:58:02 CST 2026/04/19] [ERRO] (enhanced_message_handler.go:github.com/zhukovaskychina/xmysql-server/server/dispatcher.(*EnhancedBusinessMessageHandler).HandleQueryWithRealSession:130)  SQL执行错误: execute storage-integrated INSERT failed: 更新索引失败: 生成主键字节失败: 未找到主键列或主键值
[11:58:02 CST 2026/04/19] [ERRO] (storage_integrated_dml_executor.go:github.com/zhukovaskychina/xmysql-server/server/innodb/engine.(*StorageIntegratedDMLExecutor).insertRowToStorage:448)  立即持久化页面失败: 获取页面失败: failed to read page from storage: failed to read page 3: failed to read page: EOF
[11:58:02 CST 2026/04/19] [ERRO] (enhanced_message_handler.go:github.com/zhukovaskychina/xmysql-server/server/dispatcher.(*EnhancedBusinessMessageHandler).HandleQueryWithRealSession:130)  SQL执行错误: execute storage-integrated INSERT failed: 更新索引失败: 生成主键字节失败: 未找到主键列或主键值
[11:58:02 CST 2026/04/19] [ERRO] (storage_integrated_dml_executor.go:github.com/zhukovaskychina/xmysql-server/server/innodb/engine.(*StorageIntegratedDMLExecutor).insertRowToStorage:448)  立即持久化页面失败: 获取页面失败: failed to read page from storage: failed to read page 3: failed to read page: EOF
[11:58:02 CST 2026/04/19] [ERRO] (enhanced_message_handler.go:github.com/zhukovaskychina/xmysql-server/server/dispatcher.(*EnhancedBusinessMessageHandler).HandleQueryWithRealSession:130)  SQL执行错误: execute storage-integrated INSERT failed: 更新索引失败: 生成主键字节失败: 未找到主键列或主键值
[11:58:02 CST 2026/04/19] [ERRO] (storage_integrated_dml_executor.go:github.com/zhukovaskychina/xmysql-server/server/innodb/engine.(*StorageIntegratedDMLExecutor).insertRowToStorage:448)  立即持久化页面失败: 获取页面失败: failed to read page from storage: failed to read page 3: failed to read page: EOF
[11:58:02 CST 2026/04/19] [ERRO] (enhanced_message_handler.go:github.com/zhukovaskychina/xmysql-server/server/dispatcher.(*EnhancedBusinessMessageHandler).HandleQueryWithRealSession:130)  SQL执行错误: execute storage-integrated INSERT failed: 更新索引失败: 生成主键字节失败: 未找到主键列或主键值
[11:58:02 CST 2026/04/19] [ERRO] (storage_integrated_dml_executor.go:github.com/zhukovaskychina/xmysql-server/server/innodb/engine.(*StorageIntegratedDMLExecutor).insertRowToStorage:448)  立即持久化页面失败: 获取页面失败: failed to read page from storage: failed to read page 3: failed to read page: EOF
[11:58:02 CST 2026/04/19] [ERRO] (enhanced_message_handler.go:github.com/zhukovaskychina/xmysql-server/server/dispatcher.(*EnhancedBusinessMessageHandler).HandleQueryWithRealSession:130)  SQL执行错误: execute storage-integrated INSERT failed: 更新索引失败: 生成主键字节失败: 未找到主键列或主键值
[11:58:02 CST 2026/04/19] [ERRO] (storage_integrated_dml_executor.go:github.com/zhukovaskychina/xmysql-server/server/innodb/engine.(*StorageIntegratedDMLExecutor).insertRowToStorage:448)  立即持久化页面失败: 获取页面失败: failed to read page from storage: failed to read page 3: failed to read page: EOF
[11:58:02 CST 2026/04/19] [ERRO] (enhanced_message_handler.go:github.com/zhukovaskychina/xmysql-server/server/dispatcher.(*EnhancedBusinessMessageHandler).HandleQueryWithRealSession:130)  SQL执行错误: execute storage-integrated INSERT failed: 更新索引失败: 生成主键字节失败: 未找到主键列或主键值
[11:58:02 CST 2026/04/19] [ERRO] (storage_integrated_dml_executor.go:github.com/zhukovaskychina/xmysql-server/server/innodb/engine.(*StorageIntegratedDMLExecutor).insertRowToStorage:448)  立即持久化页面失败: 获取页面失败: failed to read page from storage: failed to read page 3: failed to read page: EOF
[11:58:02 CST 2026/04/19] [ERRO] (enhanced_message_handler.go:github.com/zhukovaskychina/xmysql-server/server/dispatcher.(*EnhancedBusinessMessageHandler).HandleQueryWithRealSession:130)  SQL执行错误: execute storage-integrated INSERT failed: 更新索引失败: 生成主键字节失败: 未找到主键列或主键值
[11:58:02 CST 2026/04/19] [ERRO] (storage_integrated_dml_executor.go:github.com/zhukovaskychina/xmysql-server/server/innodb/engine.(*StorageIntegratedDMLExecutor).insertRowToStorage:448)  立即持久化页面失败: 获取页面失败: failed to read page from storage: failed to read page 3: failed to read page: EOF
[11:58:02 CST 2026/04/19] [ERRO] (enhanced_message_handler.go:github.com/zhukovaskychina/xmysql-server/server/dispatcher.(*EnhancedBusinessMessageHandler).HandleQueryWithRealSession:130)  SQL执行错误: execute storage-integrated INSERT failed: 更新索引失败: 生成主键字节失败: 未找到主键列或主键值
[11:58:02 CST 2026/04/19] [ERRO] (storage_integrated_dml_executor.go:github.com/zhukovaskychina/xmysql-server/server/innodb/engine.(*StorageIntegratedDMLExecutor).insertRowToStorage:448)  立即持久化页面失败: 获取页面失败: failed to read page from storage: failed to read page 3: failed to read page: EOF
[11:58:02 CST 2026/04/19] [ERRO] (enhanced_message_handler.go:github.com/zhukovaskychina/xmysql-server/server/dispatcher.(*EnhancedBusinessMessageHandler).HandleQueryWithRealSession:130)  SQL执行错误: execute storage-integrated INSERT failed: 更新索引失败: 生成主键字节失败: 未找到主键列或主键值
[11:58:02 CST 2026/04/19] [ERRO] (decoupled_handler.go:github.com/zhukovaskychina/xmysql-server/server/net.(*DecoupledMySQLMessageHandler).OnMessage:329) [OnMessage] [COM_QUIT: quit] SessionID=session session-closed, Read Bytes: 4246, Write Bytes: 3226, Read Pkgs: 33, Write Pkgs: 55, RemoteAddr=127.0.0.1:51159 - 找不到会话
[11:58:03 CST 2026/04/19] [ERRO] (decoupled_handler.go:github.com/zhukovaskychina/xmysql-server/server/net.(*DecoupledMySQLMessageHandler).OnMessage:329) [OnMessage] [COM_QUIT: quit] SessionID=session session-closed, Read Bytes: 1961, Write Bytes: 5474, Read Pkgs: 29, Write Pkgs: 174, RemoteAddr=127.0.0.1:51162 - 找不到会话
[11:58:03 CST 2026/04/19] [ERRO] (storage_integrated_dml_executor.go:github.com/zhukovaskychina/xmysql-server/server/innodb/engine.(*StorageIntegratedDMLExecutor).insertRowToStorage:448)  立即持久化页面失败: 获取页面失败: failed to read page from storage: failed to read page 3: failed to read page: EOF
[11:58:03 CST 2026/04/19] [ERRO] (enhanced_message_handler.go:github.com/zhukovaskychina/xmysql-server/server/dispatcher.(*EnhancedBusinessMessageHandler).HandleQueryWithRealSession:130)  SQL执行错误: execute storage-integrated INSERT failed: 更新索引失败: 生成主键字节失败: 未找到主键列或主键值
[11:58:03 CST 2026/04/19] [ERRO] (decoupled_handler.go:github.com/zhukovaskychina/xmysql-server/server/net.(*DecoupledMySQLMessageHandler).OnMessage:329) [OnMessage] [COM_QUIT: quit] SessionID=session session-closed, Read Bytes: 1856, Write Bytes: 1637, Read Pkgs: 12, Write Pkgs: 34, RemoteAddr=127.0.0.1:51163 - 找不到会话
[11:58:03 CST 2026/04/19] [ERRO] (storage_integrated_dml_executor.go:github.com/zhukovaskychina/xmysql-server/server/innodb/engine.(*StorageIntegratedDMLExecutor).insertRowToStorage:448)  立即持久化页面失败: 获取页面失败: failed to read page from storage: failed to read page 3: failed to read page: EOF
[11:58:03 CST 2026/04/19] [ERRO] (enhanced_message_handler.go:github.com/zhukovaskychina/xmysql-server/server/dispatcher.(*EnhancedBusinessMessageHandler).HandleQueryWithRealSession:130)  SQL执行错误: execute storage-integrated INSERT failed: 更新索引失败: 生成主键字节失败: 未找到主键列或主键值
[11:58:03 CST 2026/04/19] [ERRO] (enhanced_message_handler.go:github.com/zhukovaskychina/xmysql-server/server/dispatcher.(*EnhancedBusinessMessageHandler).HandleQueryWithRealSession:130)  SQL执行错误: unsupported DDL action: truncate
[11:58:03 CST 2026/04/19] [ERRO] (enhanced_message_handler.go:github.com/zhukovaskychina/xmysql-server/server/dispatcher.(*EnhancedBusinessMessageHandler).HandleQueryWithRealSession:130)  SQL执行错误: unsupported DDL action: truncate
[11:58:03 CST 2026/04/19] [ERRO] (enhanced_message_handler.go:github.com/zhukovaskychina/xmysql-server/server/dispatcher.(*EnhancedBusinessMessageHandler).HandleQueryWithRealSession:130)  SQL执行错误: unsupported DDL action: truncate
[11:58:03 CST 2026/04/19] [ERRO] (enhanced_message_handler.go:github.com/zhukovaskychina/xmysql-server/server/dispatcher.(*EnhancedBusinessMessageHandler).HandleQueryWithRealSession:130)  SQL执行错误: unsupported DDL action: truncate
[11:58:03 CST 2026/04/19] [ERRO] (enhanced_message_handler.go:github.com/zhukovaskychina/xmysql-server/server/dispatcher.(*EnhancedBusinessMessageHandler).HandleQueryWithRealSession:130)  SQL执行错误: unsupported DDL action: truncate
[11:58:03 CST 2026/04/19] [ERRO] (enhanced_message_handler.go:github.com/zhukovaskychina/xmysql-server/server/dispatcher.(*EnhancedBusinessMessageHandler).HandleQueryWithRealSession:130)  SQL执行错误: unsupported DDL action: truncate
[11:58:03 CST 2026/04/19] [ERRO] (enhanced_message_handler.go:github.com/zhukovaskychina/xmysql-server/server/dispatcher.(*EnhancedBusinessMessageHandler).HandleQueryWithRealSession:130)  SQL执行错误: unsupported DDL action: truncate
[11:58:03 CST 2026/04/19] [ERRO] (enhanced_message_handler.go:github.com/zhukovaskychina/xmysql-server/server/dispatcher.(*EnhancedBusinessMessageHandler).HandleQueryWithRealSession:130)  SQL执行错误: unsupported DDL action: truncate
[11:58:03 CST 2026/04/19] [ERRO] (decoupled_handler.go:github.com/zhukovaskychina/xmysql-server/server/net.(*DecoupledMySQLMessageHandler).OnMessage:329) [OnMessage] [COM_QUIT: quit] SessionID=session session-closed, Read Bytes: 1012, Write Bytes: 1434, Read Pkgs: 3, Write Pkgs: 25, RemoteAddr=127.0.0.1:51172 - 找不到会话
[11:58:03 CST 2026/04/19] [ERRO] (decoupled_handler.go:github.com/zhukovaskychina/xmysql-server/server/net.(*DecoupledMySQLMessageHandler).OnMessage:329) [OnMessage] [COM_QUIT: quit] SessionID=session session-closed, Read Bytes: 1032, Write Bytes: 1616, Read Pkgs: 4, Write Pkgs: 32, RemoteAddr=127.0.0.1:51173 - 找不到会话
[11:58:03 CST 2026/04/19] [ERRO] (enhanced_message_handler.go:github.com/zhukovaskychina/xmysql-server/server/dispatcher.(*EnhancedBusinessMessageHandler).HandleQueryWithRealSession:130)  SQL执行错误: unsupported DDL action: truncate
[11:58:03 CST 2026/04/19] [ERRO] (enhanced_message_handler.go:github.com/zhukovaskychina/xmysql-server/server/dispatcher.(*EnhancedBusinessMessageHandler).HandleQueryWithRealSession:130)  SQL执行错误: unsupported DDL action: truncate
[11:58:03 CST 2026/04/19] [ERRO] (enhanced_message_handler.go:github.com/zhukovaskychina/xmysql-server/server/dispatcher.(*EnhancedBusinessMessageHandler).HandleQueryWithRealSession:130)  SQL执行错误: unsupported DDL action: truncate
[11:58:03 CST 2026/04/19] [ERRO] (enhanced_message_handler.go:github.com/zhukovaskychina/xmysql-server/server/dispatcher.(*EnhancedBusinessMessageHandler).HandleQueryWithRealSession:130)  SQL执行错误: unsupported DDL action: truncate
[11:58:03 CST 2026/04/19] [ERRO] (enhanced_message_handler.go:github.com/zhukovaskychina/xmysql-server/server/dispatcher.(*EnhancedBusinessMessageHandler).HandleQueryWithRealSession:130)  SQL执行错误: unsupported DDL action: truncate
[11:58:03 CST 2026/04/19] [ERRO] (enhanced_message_handler.go:github.com/zhukovaskychina/xmysql-server/server/dispatcher.(*EnhancedBusinessMessageHandler).HandleQueryWithRealSession:130)  SQL执行错误: unsupported DDL action: truncate
[11:58:03 CST 2026/04/19] [ERRO] (enhanced_message_handler.go:github.com/zhukovaskychina/xmysql-server/server/dispatcher.(*EnhancedBusinessMessageHandler).HandleQueryWithRealSession:130)  SQL执行错误: unsupported DDL action: truncate
[11:58:03 CST 2026/04/19] [ERRO] (enhanced_message_handler.go:github.com/zhukovaskychina/xmysql-server/server/dispatcher.(*EnhancedBusinessMessageHandler).HandleQueryWithRealSession:130)  SQL执行错误: unsupported DDL action: truncate
[11:58:03 CST 2026/04/19] [ERRO] (enhanced_message_handler.go:github.com/zhukovaskychina/xmysql-server/server/dispatcher.(*EnhancedBusinessMessageHandler).HandleQueryWithRealSession:130)  SQL执行错误: unsupported DDL action: truncate
[11:58:03 CST 2026/04/19] [ERRO] (enhanced_message_handler.go:github.com/zhukovaskychina/xmysql-server/server/dispatcher.(*EnhancedBusinessMessageHandler).HandleQueryWithRealSession:130)  SQL执行错误: unsupported DDL action: truncate
[11:58:03 CST 2026/04/19] [ERRO] (enhanced_message_handler.go:github.com/zhukovaskychina/xmysql-server/server/dispatcher.(*EnhancedBusinessMessageHandler).HandleQueryWithRealSession:130)  SQL执行错误: unsupported DDL action: truncate
[11:58:03 CST 2026/04/19] [ERRO] (enhanced_message_handler.go:github.com/zhukovaskychina/xmysql-server/server/dispatcher.(*EnhancedBusinessMessageHandler).HandleQueryWithRealSession:130)  SQL执行错误: unsupported DDL action: truncate
[11:58:03 CST 2026/04/19] [ERRO] (enhanced_message_handler.go:github.com/zhukovaskychina/xmysql-server/server/dispatcher.(*EnhancedBusinessMessageHandler).HandleQueryWithRealSession:130)  SQL执行错误: unsupported DDL action: truncate
[11:59:15 CST 2026/04/19] [ERRO] (decoupled_handler.go:github.com/zhukovaskychina/xmysql-server/server/net.(*DecoupledMySQLMessageHandler).OnMessage:329) [OnMessage] [COM_QUIT: quit] SessionID=session session-closed, Read Bytes: 1100, Write Bytes: 1440, Read Pkgs: 5, Write Pkgs: 27, RemoteAddr=127.0.0.1:51620 - 找不到会话
[11:59:15 CST 2026/04/19] [ERRO] (decoupled_handler.go:github.com/zhukovaskychina/xmysql-server/server/net.(*DecoupledMySQLMessageHandler).OnMessage:329) [OnMessage] [COM_QUIT: quit] SessionID=session session-closed, Read Bytes: 1018, Write Bytes: 1478, Read Pkgs: 3, Write Pkgs: 25, RemoteAddr=127.0.0.1:51639 - 找不到会话
[11:59:15 CST 2026/04/19] [ERRO] (decoupled_handler.go:github.com/zhukovaskychina/xmysql-server/server/net.(*DecoupledMySQLMessageHandler).OnMessage:329) [OnMessage] [COM_QUIT: quit] SessionID=session session-closed, Read Bytes: 1032, Write Bytes: 1616, Read Pkgs: 4, Write Pkgs: 32, RemoteAddr=127.0.0.1:51642 - 找不到会话
[12:06:11 CST 2026/04/19] [ERRO] (decoupled_handler.go:github.com/zhukovaskychina/xmysql-server/server/net.(*DecoupledMySQLMessageHandler).OnMessage:329) [OnMessage] [COM_QUIT: quit] SessionID=session session-closed, Read Bytes: 1012, Write Bytes: 1434, Read Pkgs: 3, Write Pkgs: 25, RemoteAddr=127.0.0.1:53531 - 找不到会话
[12:06:11 CST 2026/04/19] [ERRO] (decoupled_handler.go:github.com/zhukovaskychina/xmysql-server/server/net.(*DecoupledMySQLMessageHandler).OnMessage:329) [OnMessage] [COM_QUIT: quit] SessionID=session session-closed, Read Bytes: 1012, Write Bytes: 1434, Read Pkgs: 3, Write Pkgs: 25, RemoteAddr=127.0.0.1:53533 - 找不到会话
[12:07:18 CST 2026/04/19] [ERRO] (enhanced_message_handler.go:github.com/zhukovaskychina/xmysql-server/server/dispatcher.(*EnhancedBusinessMessageHandler).HandleQueryWithRealSession:130)  SQL执行错误: database 'test_ddl_db_5' does not exist
[12:07:18 CST 2026/04/19] [ERRO] (enhanced_message_handler.go:github.com/zhukovaskychina/xmysql-server/server/dispatcher.(*EnhancedBusinessMessageHandler).HandleQueryWithRealSession:130)  SQL执行错误: database 'test_ddl_db_1' does not exist
[12:07:18 CST 2026/04/19] [ERRO] (enhanced_message_handler.go:github.com/zhukovaskychina/xmysql-server/server/dispatcher.(*EnhancedBusinessMessageHandler).HandleQueryWithRealSession:130)  SQL执行错误: database 'test_ddl_db_1' does not exist
[12:07:18 CST 2026/04/19] [ERRO] (enhanced_message_handler.go:github.com/zhukovaskychina/xmysql-server/server/dispatcher.(*EnhancedBusinessMessageHandler).HandleQueryWithRealSession:130)  SQL执行错误: database 'test_ddl_db_1' does not exist
[12:07:18 CST 2026/04/19] [ERRO] (enhanced_message_handler.go:github.com/zhukovaskychina/xmysql-server/server/dispatcher.(*EnhancedBusinessMessageHandler).HandleQueryWithRealSession:130)  SQL执行错误: database 'test_ddl_db_5' does not exist
[12:07:18 CST 2026/04/19] [ERRO] (enhanced_message_handler.go:github.com/zhukovaskychina/xmysql-server/server/dispatcher.(*EnhancedBusinessMessageHandler).HandleQueryWithRealSession:130)  SQL执行错误: database 'test_ddl_db_1' does not exist
[12:07:18 CST 2026/04/19] [ERRO] (enhanced_message_handler.go:github.com/zhukovaskychina/xmysql-server/server/dispatcher.(*EnhancedBusinessMessageHandler).HandleQueryWithRealSession:130)  SQL执行错误: table 'test_table_basic' already exists
[12:07:18 CST 2026/04/19] [ERRO] (enhanced_message_handler.go:github.com/zhukovaskychina/xmysql-server/server/dispatcher.(*EnhancedBusinessMessageHandler).HandleQueryWithRealSession:130)  SQL执行错误: database 'test_ddl_db_1' does not exist
[12:07:18 CST 2026/04/19] [ERRO] (enhanced_message_handler.go:github.com/zhukovaskychina/xmysql-server/server/dispatcher.(*EnhancedBusinessMessageHandler).HandleQueryWithRealSession:130)  SQL执行错误: table 'test_table_indexed' already exists
[12:07:18 CST 2026/04/19] [ERRO] (enhanced_message_handler.go:github.com/zhukovaskychina/xmysql-server/server/dispatcher.(*EnhancedBusinessMessageHandler).HandleQueryWithRealSession:130)  SQL执行错误: database 'test_ddl_db_1' does not exist
[12:07:18 CST 2026/04/19] [ERRO] (enhanced_message_handler.go:github.com/zhukovaskychina/xmysql-server/server/dispatcher.(*EnhancedBusinessMessageHandler).HandleQueryWithRealSession:130)  SQL执行错误: table 'users' already exists
[12:07:18 CST 2026/04/19] [ERRO] (enhanced_message_handler.go:github.com/zhukovaskychina/xmysql-server/server/dispatcher.(*EnhancedBusinessMessageHandler).HandleQueryWithRealSession:130)  SQL执行错误: database 'test_ddl_db_1' does not exist
[12:07:18 CST 2026/04/19] [ERRO] (enhanced_message_handler.go:github.com/zhukovaskychina/xmysql-server/server/dispatcher.(*EnhancedBusinessMessageHandler).HandleQueryWithRealSession:130)  SQL执行错误: table 'test_table_drop' already exists
[12:07:18 CST 2026/04/19] [ERRO] (enhanced_message_handler.go:github.com/zhukovaskychina/xmysql-server/server/dispatcher.(*EnhancedBusinessMessageHandler).HandleQueryWithRealSession:130)  SQL执行错误: database 'test_ddl_db_1' does not exist
[12:07:18 CST 2026/04/19] [ERRO] (enhanced_message_handler.go:github.com/zhukovaskychina/xmysql-server/server/dispatcher.(*EnhancedBusinessMessageHandler).HandleQueryWithRealSession:130)  SQL执行错误: table 'test_table_alter' already exists
[12:07:18 CST 2026/04/19] [ERRO] (enhanced_message_handler.go:github.com/zhukovaskychina/xmysql-server/server/dispatcher.(*EnhancedBusinessMessageHandler).HandleQueryWithRealSession:130)  SQL执行错误: database 'test_ddl_db_1' does not exist
[12:07:18 CST 2026/04/19] [ERRO] (enhanced_message_handler.go:github.com/zhukovaskychina/xmysql-server/server/dispatcher.(*EnhancedBusinessMessageHandler).HandleQueryWithRealSession:130)  SQL执行错误: table 'test_table_truncate' already exists
[12:07:18 CST 2026/04/19] [ERRO] (enhanced_message_handler.go:github.com/zhukovaskychina/xmysql-server/server/dispatcher.(*EnhancedBusinessMessageHandler).HandleQueryWithRealSession:130)  SQL执行错误: database 'test_ddl_db_1' does not exist
[12:07:18 CST 2026/04/19] [ERRO] (enhanced_message_handler.go:github.com/zhukovaskychina/xmysql-server/server/dispatcher.(*EnhancedBusinessMessageHandler).HandleQueryWithRealSession:130)  SQL执行错误: database 'test_ddl_db_charset_utf8' already exists
[12:07:18 CST 2026/04/19] [ERRO] (enhanced_message_handler.go:github.com/zhukovaskychina/xmysql-server/server/dispatcher.(*EnhancedBusinessMessageHandler).HandleQueryWithRealSession:130)  SQL执行错误: database 'test_ddl_db_1' does not exist
[12:07:18 CST 2026/04/19] [ERRO] (enhanced_message_handler.go:github.com/zhukovaskychina/xmysql-server/server/dispatcher.(*EnhancedBusinessMessageHandler).HandleQueryWithRealSession:130)  SQL执行错误: database 'test_ddl_db_charset_utf8mb4' already exists
[12:07:18 CST 2026/04/19] [ERRO] (enhanced_message_handler.go:github.com/zhukovaskychina/xmysql-server/server/dispatcher.(*EnhancedBusinessMessageHandler).HandleQueryWithRealSession:130)  SQL执行错误: database 'test_ddl_db_1' does not exist
[12:07:18 CST 2026/04/19] [ERRO] (enhanced_message_handler.go:github.com/zhukovaskychina/xmysql-server/server/dispatcher.(*EnhancedBusinessMessageHandler).HandleQueryWithRealSession:130)  SQL执行错误: database 'test_ddl_db_charset_latin1' already exists
[12:07:18 CST 2026/04/19] [ERRO] (enhanced_message_handler.go:github.com/zhukovaskychina/xmysql-server/server/dispatcher.(*EnhancedBusinessMessageHandler).HandleQueryWithRealSession:130)  SQL执行错误: database 'test_ddl_db_1' does not exist
[12:07:18 CST 2026/04/19] [ERRO] (enhanced_message_handler.go:github.com/zhukovaskychina/xmysql-server/server/dispatcher.(*EnhancedBusinessMessageHandler).HandleQueryWithRealSession:130)  SQL执行错误: unsupported DDL action: truncate
[12:07:18 CST 2026/04/19] [ERRO] (enhanced_message_handler.go:github.com/zhukovaskychina/xmysql-server/server/dispatcher.(*EnhancedBusinessMessageHandler).HandleQueryWithRealSession:130)  SQL执行错误: unsupported DDL action: truncate
[12:07:18 CST 2026/04/19] [ERRO] (enhanced_message_handler.go:github.com/zhukovaskychina/xmysql-server/server/dispatcher.(*EnhancedBusinessMessageHandler).HandleQueryWithRealSession:130)  SQL执行错误: unsupported DDL action: truncate
[12:07:18 CST 2026/04/19] [ERRO] (enhanced_message_handler.go:github.com/zhukovaskychina/xmysql-server/server/dispatcher.(*EnhancedBusinessMessageHandler).HandleQueryWithRealSession:130)  SQL执行错误: unsupported DDL action: truncate
[12:07:18 CST 2026/04/19] [ERRO] (enhanced_message_handler.go:github.com/zhukovaskychina/xmysql-server/server/dispatcher.(*EnhancedBusinessMessageHandler).HandleQueryWithRealSession:130)  SQL执行错误: unsupported DDL action: truncate
[12:07:18 CST 2026/04/19] [ERRO] (enhanced_message_handler.go:github.com/zhukovaskychina/xmysql-server/server/dispatcher.(*EnhancedBusinessMessageHandler).HandleQueryWithRealSession:130)  SQL执行错误: unsupported DDL action: truncate
[12:07:18 CST 2026/04/19] [ERRO] (enhanced_message_handler.go:github.com/zhukovaskychina/xmysql-server/server/dispatcher.(*EnhancedBusinessMessageHandler).HandleQueryWithRealSession:130)  SQL执行错误: unsupported DDL action: truncate
[12:07:18 CST 2026/04/19] [ERRO] (enhanced_message_handler.go:github.com/zhukovaskychina/xmysql-server/server/dispatcher.(*EnhancedBusinessMessageHandler).HandleQueryWithRealSession:130)  SQL执行错误: unsupported DDL action: truncate
[12:07:18 CST 2026/04/19] [ERRO] (enhanced_message_handler.go:github.com/zhukovaskychina/xmysql-server/server/dispatcher.(*EnhancedBusinessMessageHandler).HandleQueryWithRealSession:130)  SQL执行错误: unsupported DDL action: truncate
[12:07:18 CST 2026/04/19] [ERRO] (enhanced_message_handler.go:github.com/zhukovaskychina/xmysql-server/server/dispatcher.(*EnhancedBusinessMessageHandler).HandleQueryWithRealSession:130)  SQL执行错误: unsupported DDL action: truncate
[12:07:18 CST 2026/04/19] [ERRO] (enhanced_message_handler.go:github.com/zhukovaskychina/xmysql-server/server/dispatcher.(*EnhancedBusinessMessageHandler).HandleQueryWithRealSession:130)  SQL执行错误: unsupported DDL action: truncate
[12:07:18 CST 2026/04/19] [ERRO] (enhanced_message_handler.go:github.com/zhukovaskychina/xmysql-server/server/dispatcher.(*EnhancedBusinessMessageHandler).HandleQueryWithRealSession:130)  SQL执行错误: unsupported DDL action: truncate
[12:07:18 CST 2026/04/19] [ERRO] (decoupled_handler.go:github.com/zhukovaskychina/xmysql-server/server/net.(*DecoupledMySQLMessageHandler).OnMessage:329) [OnMessage] [COM_QUIT: quit] SessionID=session session-closed, Read Bytes: 1678, Write Bytes: 2018, Read Pkgs: 19, Write Pkgs: 41, RemoteAddr=127.0.0.1:53957 - 找不到会话
[12:07:18 CST 2026/04/19] [ERRO] (enhanced_message_handler.go:github.com/zhukovaskychina/xmysql-server/server/dispatcher.(*EnhancedBusinessMessageHandler).HandleQueryWithRealSession:130)  SQL执行错误: unsupported DDL action: truncate
[12:07:18 CST 2026/04/19] [ERRO] (enhanced_message_handler.go:github.com/zhukovaskychina/xmysql-server/server/dispatcher.(*EnhancedBusinessMessageHandler).HandleQueryWithRealSession:130)  SQL执行错误: unsupported DDL action: truncate
[12:07:18 CST 2026/04/19] [ERRO] (enhanced_message_handler.go:github.com/zhukovaskychina/xmysql-server/server/dispatcher.(*EnhancedBusinessMessageHandler).HandleQueryWithRealSession:130)  SQL执行错误: unsupported DDL action: truncate
[12:07:18 CST 2026/04/19] [ERRO] (enhanced_message_handler.go:github.com/zhukovaskychina/xmysql-server/server/dispatcher.(*EnhancedBusinessMessageHandler).HandleQueryWithRealSession:130)  SQL执行错误: unsupported DDL action: truncate
[12:07:18 CST 2026/04/19] [ERRO] (enhanced_message_handler.go:github.com/zhukovaskychina/xmysql-server/server/dispatcher.(*EnhancedBusinessMessageHandler).HandleQueryWithRealSession:130)  SQL执行错误: unsupported DDL action: truncate
[12:07:18 CST 2026/04/19] [ERRO] (enhanced_message_handler.go:github.com/zhukovaskychina/xmysql-server/server/dispatcher.(*EnhancedBusinessMessageHandler).HandleQueryWithRealSession:130)  SQL执行错误: unsupported DDL action: truncate
[12:07:18 CST 2026/04/19] [ERRO] (enhanced_message_handler.go:github.com/zhukovaskychina/xmysql-server/server/dispatcher.(*EnhancedBusinessMessageHandler).HandleQueryWithRealSession:130)  SQL执行错误: unsupported DDL action: truncate
[12:07:18 CST 2026/04/19] [ERRO] (enhanced_message_handler.go:github.com/zhukovaskychina/xmysql-server/server/dispatcher.(*EnhancedBusinessMessageHandler).HandleQueryWithRealSession:130)  SQL执行错误: unsupported DDL action: truncate
[12:07:18 CST 2026/04/19] [ERRO] (storage_integrated_dml_executor.go:github.com/zhukovaskychina/xmysql-server/server/innodb/engine.(*StorageIntegratedDMLExecutor).insertRowToStorage:448)  立即持久化页面失败: 获取页面失败: failed to read page from storage: failed to read page 3: failed to read page: EOF
[12:07:18 CST 2026/04/19] [ERRO] (enhanced_message_handler.go:github.com/zhukovaskychina/xmysql-server/server/dispatcher.(*EnhancedBusinessMessageHandler).HandleQueryWithRealSession:130)  SQL执行错误: execute storage-integrated INSERT failed: 更新索引失败: 生成主键字节失败: 未找到主键列或主键值
[12:07:18 CST 2026/04/19] [ERRO] (storage_integrated_dml_executor.go:github.com/zhukovaskychina/xmysql-server/server/innodb/engine.(*StorageIntegratedDMLExecutor).insertRowToStorage:448)  立即持久化页面失败: 获取页面失败: failed to read page from storage: failed to read page 3: failed to read page: EOF
[12:07:18 CST 2026/04/19] [ERRO] (enhanced_message_handler.go:github.com/zhukovaskychina/xmysql-server/server/dispatcher.(*EnhancedBusinessMessageHandler).HandleQueryWithRealSession:130)  SQL执行错误: execute storage-integrated INSERT failed: 更新索引失败: 生成主键字节失败: 未找到主键列或主键值
[12:07:18 CST 2026/04/19] [ERRO] (storage_integrated_dml_executor.go:github.com/zhukovaskychina/xmysql-server/server/innodb/engine.(*StorageIntegratedDMLExecutor).insertRowToStorage:448)  立即持久化页面失败: 获取页面失败: failed to read page from storage: failed to read page 3: failed to read page: EOF
[12:07:18 CST 2026/04/19] [ERRO] (enhanced_message_handler.go:github.com/zhukovaskychina/xmysql-server/server/dispatcher.(*EnhancedBusinessMessageHandler).HandleQueryWithRealSession:130)  SQL执行错误: execute storage-integrated INSERT failed: 更新索引失败: 生成主键字节失败: 未找到主键列或主键值
[12:07:18 CST 2026/04/19] [ERRO] (storage_integrated_dml_executor.go:github.com/zhukovaskychina/xmysql-server/server/innodb/engine.(*StorageIntegratedDMLExecutor).insertRowToStorage:448)  立即持久化页面失败: 获取页面失败: failed to read page from storage: failed to read page 3: failed to read page: EOF
[12:07:18 CST 2026/04/19] [ERRO] (enhanced_message_handler.go:github.com/zhukovaskychina/xmysql-server/server/dispatcher.(*EnhancedBusinessMessageHandler).HandleQueryWithRealSession:130)  SQL执行错误: execute storage-integrated INSERT failed: 更新索引失败: 生成主键字节失败: 未找到主键列或主键值
[12:07:18 CST 2026/04/19] [ERRO] (storage_integrated_dml_executor.go:github.com/zhukovaskychina/xmysql-server/server/innodb/engine.(*StorageIntegratedDMLExecutor).insertRowToStorage:448)  立即持久化页面失败: 获取页面失败: failed to read page from storage: failed to read page 3: failed to read page: EOF
[12:07:18 CST 2026/04/19] [ERRO] (enhanced_message_handler.go:github.com/zhukovaskychina/xmysql-server/server/dispatcher.(*EnhancedBusinessMessageHandler).HandleQueryWithRealSession:130)  SQL执行错误: execute storage-integrated INSERT failed: 更新索引失败: 生成主键字节失败: 未找到主键列或主键值
[12:07:18 CST 2026/04/19] [ERRO] (storage_integrated_dml_executor.go:github.com/zhukovaskychina/xmysql-server/server/innodb/engine.(*StorageIntegratedDMLExecutor).insertRowToStorage:448)  立即持久化页面失败: 获取页面失败: failed to read page from storage: failed to read page 3: failed to read page: EOF
[12:07:18 CST 2026/04/19] [ERRO] (enhanced_message_handler.go:github.com/zhukovaskychina/xmysql-server/server/dispatcher.(*EnhancedBusinessMessageHandler).HandleQueryWithRealSession:130)  SQL执行错误: execute storage-integrated INSERT failed: 更新索引失败: 生成主键字节失败: 未找到主键列或主键值
[12:07:18 CST 2026/04/19] [ERRO] (storage_integrated_dml_executor.go:github.com/zhukovaskychina/xmysql-server/server/innodb/engine.(*StorageIntegratedDMLExecutor).insertRowToStorage:448)  立即持久化页面失败: 获取页面失败: failed to read page from storage: failed to read page 3: failed to read page: EOF
[12:07:18 CST 2026/04/19] [ERRO] (enhanced_message_handler.go:github.com/zhukovaskychina/xmysql-server/server/dispatcher.(*EnhancedBusinessMessageHandler).HandleQueryWithRealSession:130)  SQL执行错误: execute storage-integrated INSERT failed: 更新索引失败: 生成主键字节失败: 未找到主键列或主键值
[12:07:18 CST 2026/04/19] [ERRO] (storage_integrated_dml_executor.go:github.com/zhukovaskychina/xmysql-server/server/innodb/engine.(*StorageIntegratedDMLExecutor).insertRowToStorage:448)  立即持久化页面失败: 获取页面失败: failed to read page from storage: failed to read page 3: failed to read page: EOF
[12:07:18 CST 2026/04/19] [ERRO] (enhanced_message_handler.go:github.com/zhukovaskychina/xmysql-server/server/dispatcher.(*EnhancedBusinessMessageHandler).HandleQueryWithRealSession:130)  SQL执行错误: execute storage-integrated INSERT failed: 更新索引失败: 生成主键字节失败: 未找到主键列或主键值
[12:07:18 CST 2026/04/19] [ERRO] (storage_integrated_dml_executor.go:github.com/zhukovaskychina/xmysql-server/server/innodb/engine.(*StorageIntegratedDMLExecutor).insertRowToStorage:448)  立即持久化页面失败: 获取页面失败: failed to read page from storage: failed to read page 3: failed to read page: EOF
[12:07:18 CST 2026/04/19] [ERRO] (enhanced_message_handler.go:github.com/zhukovaskychina/xmysql-server/server/dispatcher.(*EnhancedBusinessMessageHandler).HandleQueryWithRealSession:130)  SQL执行错误: execute storage-integrated INSERT failed: 更新索引失败: 生成主键字节失败: 未找到主键列或主键值
[12:07:18 CST 2026/04/19] [ERRO] (storage_integrated_dml_executor.go:github.com/zhukovaskychina/xmysql-server/server/innodb/engine.(*StorageIntegratedDMLExecutor).insertRowToStorage:448)  立即持久化页面失败: 获取页面失败: failed to read page from storage: failed to read page 3: failed to read page: EOF
[12:07:18 CST 2026/04/19] [ERRO] (enhanced_message_handler.go:github.com/zhukovaskychina/xmysql-server/server/dispatcher.(*EnhancedBusinessMessageHandler).HandleQueryWithRealSession:130)  SQL执行错误: execute storage-integrated INSERT failed: 更新索引失败: 生成主键字节失败: 未找到主键列或主键值
[12:07:18 CST 2026/04/19] [ERRO] (storage_integrated_dml_executor.go:github.com/zhukovaskychina/xmysql-server/server/innodb/engine.(*StorageIntegratedDMLExecutor).insertRowToStorage:448)  立即持久化页面失败: 获取页面失败: failed to read page from storage: failed to read page 3: failed to read page: EOF
[12:07:18 CST 2026/04/19] [ERRO] (enhanced_message_handler.go:github.com/zhukovaskychina/xmysql-server/server/dispatcher.(*EnhancedBusinessMessageHandler).HandleQueryWithRealSession:130)  SQL执行错误: execute storage-integrated INSERT failed: 更新索引失败: 生成主键字节失败: 未找到主键列或主键值
[12:07:18 CST 2026/04/19] [ERRO] (enhanced_message_handler.go:github.com/zhukovaskychina/xmysql-server/server/dispatcher.(*EnhancedBusinessMessageHandler).HandleQueryWithRealSession:130)  SQL执行错误: execute storage-integrated INSERT failed: 解析INSERT数据失败: 列数量不匹配: 期望 0，实际 2
[12:07:18 CST 2026/04/19] [ERRO] (enhanced_message_handler.go:github.com/zhukovaskychina/xmysql-server/server/dispatcher.(*EnhancedBusinessMessageHandler).HandleQueryWithRealSession:130)  SQL执行错误: execute storage-integrated INSERT failed: 解析INSERT数据失败: 列数量不匹配: 期望 0，实际 3
[12:07:18 CST 2026/04/19] [ERRO] (storage_integrated_dml_executor.go:github.com/zhukovaskychina/xmysql-server/server/innodb/engine.(*StorageIntegratedDMLExecutor).insertRowToStorage:448)  立即持久化页面失败: 获取页面失败: failed to read page from storage: failed to read page 3: failed to read page: EOF
[12:07:18 CST 2026/04/19] [ERRO] (enhanced_message_handler.go:github.com/zhukovaskychina/xmysql-server/server/dispatcher.(*EnhancedBusinessMessageHandler).HandleQueryWithRealSession:130)  SQL执行错误: execute storage-integrated INSERT failed: 更新索引失败: 生成主键字节失败: 未找到主键列或主键值
[12:07:18 CST 2026/04/19] [ERRO] (storage_integrated_dml_executor.go:github.com/zhukovaskychina/xmysql-server/server/innodb/engine.(*StorageIntegratedDMLExecutor).insertRowToStorage:448)  立即持久化页面失败: 获取页面失败: failed to read page from storage: failed to read page 3: failed to read page: EOF
[12:07:18 CST 2026/04/19] [ERRO] (enhanced_message_handler.go:github.com/zhukovaskychina/xmysql-server/server/dispatcher.(*EnhancedBusinessMessageHandler).HandleQueryWithRealSession:130)  SQL执行错误: execute storage-integrated INSERT failed: 更新索引失败: 生成主键字节失败: 未找到主键列或主键值
[12:07:18 CST 2026/04/19] [ERRO] (storage_integrated_dml_executor.go:github.com/zhukovaskychina/xmysql-server/server/innodb/engine.(*StorageIntegratedDMLExecutor).insertRowToStorage:448)  立即持久化页面失败: 获取页面失败: failed to read page from storage: failed to read page 3: failed to read page: EOF
[12:07:18 CST 2026/04/19] [ERRO] (enhanced_message_handler.go:github.com/zhukovaskychina/xmysql-server/server/dispatcher.(*EnhancedBusinessMessageHandler).HandleQueryWithRealSession:130)  SQL执行错误: execute storage-integrated INSERT failed: 更新索引失败: 生成主键字节失败: 未找到主键列或主键值
[12:07:18 CST 2026/04/19] [ERRO] (storage_integrated_dml_executor.go:github.com/zhukovaskychina/xmysql-server/server/innodb/engine.(*StorageIntegratedDMLExecutor).insertRowToStorage:448)  立即持久化页面失败: 获取页面失败: failed to read page from storage: failed to read page 3: failed to read page: EOF
[12:07:18 CST 2026/04/19] [ERRO] (enhanced_message_handler.go:github.com/zhukovaskychina/xmysql-server/server/dispatcher.(*EnhancedBusinessMessageHandler).HandleQueryWithRealSession:130)  SQL执行错误: execute storage-integrated INSERT failed: 更新索引失败: 生成主键字节失败: 未找到主键列或主键值
[12:07:18 CST 2026/04/19] [ERRO] (storage_integrated_dml_executor.go:github.com/zhukovaskychina/xmysql-server/server/innodb/engine.(*StorageIntegratedDMLExecutor).insertRowToStorage:448)  立即持久化页面失败: 获取页面失败: failed to read page from storage: failed to read page 3: failed to read page: EOF
[12:07:18 CST 2026/04/19] [ERRO] (enhanced_message_handler.go:github.com/zhukovaskychina/xmysql-server/server/dispatcher.(*EnhancedBusinessMessageHandler).HandleQueryWithRealSession:130)  SQL执行错误: execute storage-integrated INSERT failed: 更新索引失败: 生成主键字节失败: 未找到主键列或主键值
[12:07:18 CST 2026/04/19] [ERRO] (storage_integrated_dml_executor.go:github.com/zhukovaskychina/xmysql-server/server/innodb/engine.(*StorageIntegratedDMLExecutor).insertRowToStorage:448)  立即持久化页面失败: 获取页面失败: failed to read page from storage: failed to read page 3: failed to read page: EOF
[12:07:18 CST 2026/04/19] [ERRO] (enhanced_message_handler.go:github.com/zhukovaskychina/xmysql-server/server/dispatcher.(*EnhancedBusinessMessageHandler).HandleQueryWithRealSession:130)  SQL执行错误: execute storage-integrated INSERT failed: 更新索引失败: 生成主键字节失败: 未找到主键列或主键值
[12:07:18 CST 2026/04/19] [ERRO] (storage_integrated_dml_executor.go:github.com/zhukovaskychina/xmysql-server/server/innodb/engine.(*StorageIntegratedDMLExecutor).insertRowToStorage:448)  立即持久化页面失败: 获取页面失败: failed to read page from storage: failed to read page 3: failed to read page: EOF
[12:07:18 CST 2026/04/19] [ERRO] (enhanced_message_handler.go:github.com/zhukovaskychina/xmysql-server/server/dispatcher.(*EnhancedBusinessMessageHandler).HandleQueryWithRealSession:130)  SQL执行错误: execute storage-integrated INSERT failed: 更新索引失败: 生成主键字节失败: 未找到主键列或主键值
[12:07:18 CST 2026/04/19] [ERRO] (storage_integrated_dml_executor.go:github.com/zhukovaskychina/xmysql-server/server/innodb/engine.(*StorageIntegratedDMLExecutor).insertRowToStorage:448)  立即持久化页面失败: 获取页面失败: failed to read page from storage: failed to read page 3: failed to read page: EOF
[12:07:18 CST 2026/04/19] [ERRO] (enhanced_message_handler.go:github.com/zhukovaskychina/xmysql-server/server/dispatcher.(*EnhancedBusinessMessageHandler).HandleQueryWithRealSession:130)  SQL执行错误: execute storage-integrated INSERT failed: 更新索引失败: 生成主键字节失败: 未找到主键列或主键值
[12:07:18 CST 2026/04/19] [ERRO] (storage_integrated_dml_executor.go:github.com/zhukovaskychina/xmysql-server/server/innodb/engine.(*StorageIntegratedDMLExecutor).insertRowToStorage:448)  立即持久化页面失败: 获取页面失败: failed to read page from storage: failed to read page 3: failed to read page: EOF
[12:07:18 CST 2026/04/19] [ERRO] (enhanced_message_handler.go:github.com/zhukovaskychina/xmysql-server/server/dispatcher.(*EnhancedBusinessMessageHandler).HandleQueryWithRealSession:130)  SQL执行错误: execute storage-integrated INSERT failed: 更新索引失败: 生成主键字节失败: 未找到主键列或主键值
[12:07:18 CST 2026/04/19] [ERRO] (storage_integrated_dml_executor.go:github.com/zhukovaskychina/xmysql-server/server/innodb/engine.(*StorageIntegratedDMLExecutor).insertRowToStorage:448)  立即持久化页面失败: 获取页面失败: failed to read page from storage: failed to read page 3: failed to read page: EOF
[12:07:18 CST 2026/04/19] [ERRO] (enhanced_message_handler.go:github.com/zhukovaskychina/xmysql-server/server/dispatcher.(*EnhancedBusinessMessageHandler).HandleQueryWithRealSession:130)  SQL执行错误: execute storage-integrated INSERT failed: 更新索引失败: 生成主键字节失败: 未找到主键列或主键值
[12:07:18 CST 2026/04/19] [ERRO] (storage_integrated_dml_executor.go:github.com/zhukovaskychina/xmysql-server/server/innodb/engine.(*StorageIntegratedDMLExecutor).insertRowToStorage:448)  立即持久化页面失败: 获取页面失败: failed to read page from storage: failed to read page 3: failed to read page: EOF
[12:07:18 CST 2026/04/19] [ERRO] (enhanced_message_handler.go:github.com/zhukovaskychina/xmysql-server/server/dispatcher.(*EnhancedBusinessMessageHandler).HandleQueryWithRealSession:130)  SQL执行错误: execute storage-integrated INSERT failed: 更新索引失败: 生成主键字节失败: 未找到主键列或主键值
[12:07:18 CST 2026/04/19] [ERRO] (storage_integrated_dml_executor.go:github.com/zhukovaskychina/xmysql-server/server/innodb/engine.(*StorageIntegratedDMLExecutor).insertRowToStorage:448)  立即持久化页面失败: 获取页面失败: failed to read page from storage: failed to read page 3: failed to read page: EOF
[12:07:18 CST 2026/04/19] [ERRO] (enhanced_message_handler.go:github.com/zhukovaskychina/xmysql-server/server/dispatcher.(*EnhancedBusinessMessageHandler).HandleQueryWithRealSession:130)  SQL执行错误: execute storage-integrated INSERT failed: 更新索引失败: 生成主键字节失败: 未找到主键列或主键值
[12:07:18 CST 2026/04/19] [ERRO] (enhanced_message_handler.go:github.com/zhukovaskychina/xmysql-server/server/dispatcher.(*EnhancedBusinessMessageHandler).HandleQueryWithRealSession:130)  SQL执行错误: unsupported DDL action: truncate
[12:07:18 CST 2026/04/19] [ERRO] (enhanced_message_handler.go:github.com/zhukovaskychina/xmysql-server/server/dispatcher.(*EnhancedBusinessMessageHandler).HandleQueryWithRealSession:130)  SQL执行错误: unsupported DDL action: truncate
[12:07:18 CST 2026/04/19] [ERRO] (enhanced_message_handler.go:github.com/zhukovaskychina/xmysql-server/server/dispatcher.(*EnhancedBusinessMessageHandler).HandleQueryWithRealSession:130)  SQL执行错误: unsupported DDL action: truncate
[12:07:18 CST 2026/04/19] [ERRO] (enhanced_message_handler.go:github.com/zhukovaskychina/xmysql-server/server/dispatcher.(*EnhancedBusinessMessageHandler).HandleQueryWithRealSession:130)  SQL执行错误: unsupported DDL action: truncate
[12:07:18 CST 2026/04/19] [ERRO] (enhanced_message_handler.go:github.com/zhukovaskychina/xmysql-server/server/dispatcher.(*EnhancedBusinessMessageHandler).HandleQueryWithRealSession:130)  SQL执行错误: unsupported DDL action: truncate
[12:07:18 CST 2026/04/19] [ERRO] (enhanced_message_handler.go:github.com/zhukovaskychina/xmysql-server/server/dispatcher.(*EnhancedBusinessMessageHandler).HandleQueryWithRealSession:130)  SQL执行错误: unsupported DDL action: truncate
[12:07:18 CST 2026/04/19] [ERRO] (enhanced_message_handler.go:github.com/zhukovaskychina/xmysql-server/server/dispatcher.(*EnhancedBusinessMessageHandler).HandleQueryWithRealSession:130)  SQL执行错误: unsupported DDL action: truncate
[12:07:18 CST 2026/04/19] [ERRO] (enhanced_message_handler.go:github.com/zhukovaskychina/xmysql-server/server/dispatcher.(*EnhancedBusinessMessageHandler).HandleQueryWithRealSession:130)  SQL执行错误: unsupported DDL action: truncate
[12:07:18 CST 2026/04/19] [ERRO] (decoupled_handler.go:github.com/zhukovaskychina/xmysql-server/server/net.(*DecoupledMySQLMessageHandler).OnMessage:329) [OnMessage] [COM_QUIT: quit] SessionID=session session-closed, Read Bytes: 1012, Write Bytes: 1434, Read Pkgs: 3, Write Pkgs: 25, RemoteAddr=127.0.0.1:53966 - 找不到会话
[12:07:18 CST 2026/04/19] [ERRO] (decoupled_handler.go:github.com/zhukovaskychina/xmysql-server/server/net.(*DecoupledMySQLMessageHandler).OnMessage:329) [OnMessage] [COM_QUIT: quit] SessionID=session session-closed, Read Bytes: 1012, Write Bytes: 1434, Read Pkgs: 3, Write Pkgs: 25, RemoteAddr=127.0.0.1:53968 - 找不到会话
[12:07:18 CST 2026/04/19] [ERRO] (decoupled_handler.go:github.com/zhukovaskychina/xmysql-server/server/net.(*DecoupledMySQLMessageHandler).OnMessage:329) [OnMessage] [COM_QUIT: quit] SessionID=session session-closed, Read Bytes: 1012, Write Bytes: 1434, Read Pkgs: 3, Write Pkgs: 25, RemoteAddr=127.0.0.1:53969 - 找不到会话
[12:07:18 CST 2026/04/19] [ERRO] (decoupled_handler.go:github.com/zhukovaskychina/xmysql-server/server/net.(*DecoupledMySQLMessageHandler).OnMessage:329) [OnMessage] [COM_QUIT: quit] SessionID=session session-closed, Read Bytes: 1012, Write Bytes: 1434, Read Pkgs: 3, Write Pkgs: 25, RemoteAddr=127.0.0.1:53971 - 找不到会话
[12:07:18 CST 2026/04/19] [ERRO] (enhanced_message_handler.go:github.com/zhukovaskychina/xmysql-server/server/dispatcher.(*EnhancedBusinessMessageHandler).HandleQueryWithRealSession:130)  SQL执行错误: unsupported DDL action: truncate
[12:07:18 CST 2026/04/19] [ERRO] (enhanced_message_handler.go:github.com/zhukovaskychina/xmysql-server/server/dispatcher.(*EnhancedBusinessMessageHandler).HandleQueryWithRealSession:130)  SQL执行错误: unsupported DDL action: truncate
[12:07:18 CST 2026/04/19] [ERRO] (enhanced_message_handler.go:github.com/zhukovaskychina/xmysql-server/server/dispatcher.(*EnhancedBusinessMessageHandler).HandleQueryWithRealSession:130)  SQL执行错误: unsupported DDL action: truncate
[12:07:18 CST 2026/04/19] [ERRO] (enhanced_message_handler.go:github.com/zhukovaskychina/xmysql-server/server/dispatcher.(*EnhancedBusinessMessageHandler).HandleQueryWithRealSession:130)  SQL执行错误: unsupported DDL action: truncate
[12:07:18 CST 2026/04/19] [ERRO] (enhanced_message_handler.go:github.com/zhukovaskychina/xmysql-server/server/dispatcher.(*EnhancedBusinessMessageHandler).HandleQueryWithRealSession:130)  SQL执行错误: unsupported DDL action: truncate
[12:07:18 CST 2026/04/19] [ERRO] (enhanced_message_handler.go:github.com/zhukovaskychina/xmysql-server/server/dispatcher.(*EnhancedBusinessMessageHandler).HandleQueryWithRealSession:130)  SQL执行错误: unsupported DDL action: truncate
[12:07:18 CST 2026/04/19] [ERRO] (enhanced_message_handler.go:github.com/zhukovaskychina/xmysql-server/server/dispatcher.(*EnhancedBusinessMessageHandler).HandleQueryWithRealSession:130)  SQL执行错误: unsupported DDL action: truncate
[12:07:18 CST 2026/04/19] [ERRO] (enhanced_message_handler.go:github.com/zhukovaskychina/xmysql-server/server/dispatcher.(*EnhancedBusinessMessageHandler).HandleQueryWithRealSession:130)  SQL执行错误: unsupported DDL action: truncate
[12:07:18 CST 2026/04/19] [ERRO] (enhanced_message_handler.go:github.com/zhukovaskychina/xmysql-server/server/dispatcher.(*EnhancedBusinessMessageHandler).HandleQueryWithRealSession:130)  SQL执行错误: unsupported DDL action: truncate
[12:07:18 CST 2026/04/19] [ERRO] (enhanced_message_handler.go:github.com/zhukovaskychina/xmysql-server/server/dispatcher.(*EnhancedBusinessMessageHandler).HandleQueryWithRealSession:130)  SQL执行错误: unsupported DDL action: truncate
[12:07:18 CST 2026/04/19] [ERRO] (enhanced_message_handler.go:github.com/zhukovaskychina/xmysql-server/server/dispatcher.(*EnhancedBusinessMessageHandler).HandleQueryWithRealSession:130)  SQL执行错误: unsupported DDL action: truncate
[12:07:18 CST 2026/04/19] [ERRO] (enhanced_message_handler.go:github.com/zhukovaskychina/xmysql-server/server/dispatcher.(*EnhancedBusinessMessageHandler).HandleQueryWithRealSession:130)  SQL执行错误: unsupported DDL action: truncate
[12:07:18 CST 2026/04/19] [ERRO] (enhanced_message_handler.go:github.com/zhukovaskychina/xmysql-server/server/dispatcher.(*EnhancedBusinessMessageHandler).HandleQueryWithRealSession:130)  SQL执行错误: unsupported DDL action: truncate
[12:07:18 CST 2026/04/19] [ERRO] (decoupled_handler.go:github.com/zhukovaskychina/xmysql-server/server/net.(*DecoupledMySQLMessageHandler).OnMessage:329) [OnMessage] [COM_QUIT: quit] SessionID=session session-closed, Read Bytes: 1898, Write Bytes: 2074, Read Pkgs: 21, Write Pkgs: 43, RemoteAddr=127.0.0.1:53973 - 找不到会话
[12:07:33 CST 2026/04/19] [ERRO] (enhanced_message_handler.go:github.com/zhukovaskychina/xmysql-server/server/dispatcher.(*EnhancedBusinessMessageHandler).HandleQueryWithRealSession:130)  SQL执行错误: database 'test_ddl_db_5' does not exist
[12:07:33 CST 2026/04/19] [ERRO] (enhanced_message_handler.go:github.com/zhukovaskychina/xmysql-server/server/dispatcher.(*EnhancedBusinessMessageHandler).HandleQueryWithRealSession:130)  SQL执行错误: database 'test_ddl_db_1' does not exist
[12:07:33 CST 2026/04/19] [ERRO] (enhanced_message_handler.go:github.com/zhukovaskychina/xmysql-server/server/dispatcher.(*EnhancedBusinessMessageHandler).HandleQueryWithRealSession:130)  SQL执行错误: database 'test_ddl_db_1' does not exist
[12:07:33 CST 2026/04/19] [ERRO] (enhanced_message_handler.go:github.com/zhukovaskychina/xmysql-server/server/dispatcher.(*EnhancedBusinessMessageHandler).HandleQueryWithRealSession:130)  SQL执行错误: database 'test_ddl_db_1' does not exist
[12:07:33 CST 2026/04/19] [ERRO] (enhanced_message_handler.go:github.com/zhukovaskychina/xmysql-server/server/dispatcher.(*EnhancedBusinessMessageHandler).HandleQueryWithRealSession:130)  SQL执行错误: database 'test_ddl_db_5' does not exist
[12:07:33 CST 2026/04/19] [ERRO] (enhanced_message_handler.go:github.com/zhukovaskychina/xmysql-server/server/dispatcher.(*EnhancedBusinessMessageHandler).HandleQueryWithRealSession:130)  SQL执行错误: database 'test_ddl_db_1' does not exist
[12:07:33 CST 2026/04/19] [ERRO] (enhanced_message_handler.go:github.com/zhukovaskychina/xmysql-server/server/dispatcher.(*EnhancedBusinessMessageHandler).HandleQueryWithRealSession:130)  SQL执行错误: table 'test_table_basic' already exists
[12:07:33 CST 2026/04/19] [ERRO] (enhanced_message_handler.go:github.com/zhukovaskychina/xmysql-server/server/dispatcher.(*EnhancedBusinessMessageHandler).HandleQueryWithRealSession:130)  SQL执行错误: database 'test_ddl_db_1' does not exist
[12:07:33 CST 2026/04/19] [ERRO] (enhanced_message_handler.go:github.com/zhukovaskychina/xmysql-server/server/dispatcher.(*EnhancedBusinessMessageHandler).HandleQueryWithRealSession:130)  SQL执行错误: table 'test_table_indexed' already exists
[12:07:33 CST 2026/04/19] [ERRO] (enhanced_message_handler.go:github.com/zhukovaskychina/xmysql-server/server/dispatcher.(*EnhancedBusinessMessageHandler).HandleQueryWithRealSession:130)  SQL执行错误: database 'test_ddl_db_1' does not exist
[12:07:33 CST 2026/04/19] [ERRO] (enhanced_message_handler.go:github.com/zhukovaskychina/xmysql-server/server/dispatcher.(*EnhancedBusinessMessageHandler).HandleQueryWithRealSession:130)  SQL执行错误: table 'users' already exists
[12:07:33 CST 2026/04/19] [ERRO] (enhanced_message_handler.go:github.com/zhukovaskychina/xmysql-server/server/dispatcher.(*EnhancedBusinessMessageHandler).HandleQueryWithRealSession:130)  SQL执行错误: database 'test_ddl_db_1' does not exist
[12:07:33 CST 2026/04/19] [ERRO] (enhanced_message_handler.go:github.com/zhukovaskychina/xmysql-server/server/dispatcher.(*EnhancedBusinessMessageHandler).HandleQueryWithRealSession:130)  SQL执行错误: table 'test_table_drop' already exists
[12:07:33 CST 2026/04/19] [ERRO] (enhanced_message_handler.go:github.com/zhukovaskychina/xmysql-server/server/dispatcher.(*EnhancedBusinessMessageHandler).HandleQueryWithRealSession:130)  SQL执行错误: database 'test_ddl_db_1' does not exist
[12:07:33 CST 2026/04/19] [ERRO] (enhanced_message_handler.go:github.com/zhukovaskychina/xmysql-server/server/dispatcher.(*EnhancedBusinessMessageHandler).HandleQueryWithRealSession:130)  SQL执行错误: table 'test_table_alter' already exists
[12:07:33 CST 2026/04/19] [ERRO] (enhanced_message_handler.go:github.com/zhukovaskychina/xmysql-server/server/dispatcher.(*EnhancedBusinessMessageHandler).HandleQueryWithRealSession:130)  SQL执行错误: database 'test_ddl_db_1' does not exist
[12:07:33 CST 2026/04/19] [ERRO] (enhanced_message_handler.go:github.com/zhukovaskychina/xmysql-server/server/dispatcher.(*EnhancedBusinessMessageHandler).HandleQueryWithRealSession:130)  SQL执行错误: table 'test_table_truncate' already exists
[12:07:33 CST 2026/04/19] [ERRO] (enhanced_message_handler.go:github.com/zhukovaskychina/xmysql-server/server/dispatcher.(*EnhancedBusinessMessageHandler).HandleQueryWithRealSession:130)  SQL执行错误: database 'test_ddl_db_1' does not exist
[12:07:33 CST 2026/04/19] [ERRO] (enhanced_message_handler.go:github.com/zhukovaskychina/xmysql-server/server/dispatcher.(*EnhancedBusinessMessageHandler).HandleQueryWithRealSession:130)  SQL执行错误: database 'test_ddl_db_charset_utf8' already exists
[12:07:33 CST 2026/04/19] [ERRO] (enhanced_message_handler.go:github.com/zhukovaskychina/xmysql-server/server/dispatcher.(*EnhancedBusinessMessageHandler).HandleQueryWithRealSession:130)  SQL执行错误: database 'test_ddl_db_1' does not exist
[12:07:33 CST 2026/04/19] [ERRO] (enhanced_message_handler.go:github.com/zhukovaskychina/xmysql-server/server/dispatcher.(*EnhancedBusinessMessageHandler).HandleQueryWithRealSession:130)  SQL执行错误: database 'test_ddl_db_charset_utf8mb4' already exists
[12:07:33 CST 2026/04/19] [ERRO] (enhanced_message_handler.go:github.com/zhukovaskychina/xmysql-server/server/dispatcher.(*EnhancedBusinessMessageHandler).HandleQueryWithRealSession:130)  SQL执行错误: database 'test_ddl_db_1' does not exist
[12:07:33 CST 2026/04/19] [ERRO] (enhanced_message_handler.go:github.com/zhukovaskychina/xmysql-server/server/dispatcher.(*EnhancedBusinessMessageHandler).HandleQueryWithRealSession:130)  SQL执行错误: database 'test_ddl_db_charset_latin1' already exists
[12:07:33 CST 2026/04/19] [ERRO] (enhanced_message_handler.go:github.com/zhukovaskychina/xmysql-server/server/dispatcher.(*EnhancedBusinessMessageHandler).HandleQueryWithRealSession:130)  SQL执行错误: database 'test_ddl_db_1' does not exist
[12:07:33 CST 2026/04/19] [ERRO] (enhanced_message_handler.go:github.com/zhukovaskychina/xmysql-server/server/dispatcher.(*EnhancedBusinessMessageHandler).HandleQueryWithRealSession:130)  SQL执行错误: unsupported DDL action: truncate
[12:07:33 CST 2026/04/19] [ERRO] (enhanced_message_handler.go:github.com/zhukovaskychina/xmysql-server/server/dispatcher.(*EnhancedBusinessMessageHandler).HandleQueryWithRealSession:130)  SQL执行错误: unsupported DDL action: truncate
[12:07:33 CST 2026/04/19] [ERRO] (enhanced_message_handler.go:github.com/zhukovaskychina/xmysql-server/server/dispatcher.(*EnhancedBusinessMessageHandler).HandleQueryWithRealSession:130)  SQL执行错误: unsupported DDL action: truncate
[12:07:33 CST 2026/04/19] [ERRO] (enhanced_message_handler.go:github.com/zhukovaskychina/xmysql-server/server/dispatcher.(*EnhancedBusinessMessageHandler).HandleQueryWithRealSession:130)  SQL执行错误: unsupported DDL action: truncate
[12:07:33 CST 2026/04/19] [ERRO] (enhanced_message_handler.go:github.com/zhukovaskychina/xmysql-server/server/dispatcher.(*EnhancedBusinessMessageHandler).HandleQueryWithRealSession:130)  SQL执行错误: unsupported DDL action: truncate
[12:07:33 CST 2026/04/19] [ERRO] (enhanced_message_handler.go:github.com/zhukovaskychina/xmysql-server/server/dispatcher.(*EnhancedBusinessMessageHandler).HandleQueryWithRealSession:130)  SQL执行错误: unsupported DDL action: truncate
[12:07:33 CST 2026/04/19] [ERRO] (enhanced_message_handler.go:github.com/zhukovaskychina/xmysql-server/server/dispatcher.(*EnhancedBusinessMessageHandler).HandleQueryWithRealSession:130)  SQL执行错误: unsupported DDL action: truncate
[12:07:33 CST 2026/04/19] [ERRO] (enhanced_message_handler.go:github.com/zhukovaskychina/xmysql-server/server/dispatcher.(*EnhancedBusinessMessageHandler).HandleQueryWithRealSession:130)  SQL执行错误: unsupported DDL action: truncate
[12:07:33 CST 2026/04/19] [ERRO] (enhanced_message_handler.go:github.com/zhukovaskychina/xmysql-server/server/dispatcher.(*EnhancedBusinessMessageHandler).HandleQueryWithRealSession:130)  SQL执行错误: unsupported DDL action: truncate
[12:07:33 CST 2026/04/19] [ERRO] (enhanced_message_handler.go:github.com/zhukovaskychina/xmysql-server/server/dispatcher.(*EnhancedBusinessMessageHandler).HandleQueryWithRealSession:130)  SQL执行错误: unsupported DDL action: truncate
[12:07:33 CST 2026/04/19] [ERRO] (enhanced_message_handler.go:github.com/zhukovaskychina/xmysql-server/server/dispatcher.(*EnhancedBusinessMessageHandler).HandleQueryWithRealSession:130)  SQL执行错误: unsupported DDL action: truncate
[12:07:33 CST 2026/04/19] [ERRO] (enhanced_message_handler.go:github.com/zhukovaskychina/xmysql-server/server/dispatcher.(*EnhancedBusinessMessageHandler).HandleQueryWithRealSession:130)  SQL执行错误: unsupported DDL action: truncate
[12:07:33 CST 2026/04/19] [ERRO] (enhanced_message_handler.go:github.com/zhukovaskychina/xmysql-server/server/dispatcher.(*EnhancedBusinessMessageHandler).HandleQueryWithRealSession:130)  SQL执行错误: unsupported DDL action: truncate
[12:07:33 CST 2026/04/19] [ERRO] (enhanced_message_handler.go:github.com/zhukovaskychina/xmysql-server/server/dispatcher.(*EnhancedBusinessMessageHandler).HandleQueryWithRealSession:130)  SQL执行错误: unsupported DDL action: truncate
[12:07:33 CST 2026/04/19] [ERRO] (enhanced_message_handler.go:github.com/zhukovaskychina/xmysql-server/server/dispatcher.(*EnhancedBusinessMessageHandler).HandleQueryWithRealSession:130)  SQL执行错误: unsupported DDL action: truncate
[12:07:33 CST 2026/04/19] [ERRO] (enhanced_message_handler.go:github.com/zhukovaskychina/xmysql-server/server/dispatcher.(*EnhancedBusinessMessageHandler).HandleQueryWithRealSession:130)  SQL执行错误: unsupported DDL action: truncate
[12:07:33 CST 2026/04/19] [ERRO] (enhanced_message_handler.go:github.com/zhukovaskychina/xmysql-server/server/dispatcher.(*EnhancedBusinessMessageHandler).HandleQueryWithRealSession:130)  SQL执行错误: unsupported DDL action: truncate
[12:07:33 CST 2026/04/19] [ERRO] (enhanced_message_handler.go:github.com/zhukovaskychina/xmysql-server/server/dispatcher.(*EnhancedBusinessMessageHandler).HandleQueryWithRealSession:130)  SQL执行错误: unsupported DDL action: truncate
[12:07:33 CST 2026/04/19] [ERRO] (enhanced_message_handler.go:github.com/zhukovaskychina/xmysql-server/server/dispatcher.(*EnhancedBusinessMessageHandler).HandleQueryWithRealSession:130)  SQL执行错误: unsupported DDL action: truncate
[12:07:33 CST 2026/04/19] [ERRO] (enhanced_message_handler.go:github.com/zhukovaskychina/xmysql-server/server/dispatcher.(*EnhancedBusinessMessageHandler).HandleQueryWithRealSession:130)  SQL执行错误: unsupported DDL action: truncate
[12:07:33 CST 2026/04/19] [ERRO] (storage_integrated_dml_executor.go:github.com/zhukovaskychina/xmysql-server/server/innodb/engine.(*StorageIntegratedDMLExecutor).insertRowToStorage:448)  立即持久化页面失败: 获取页面失败: failed to read page from storage: failed to read page 3: failed to read page: EOF
[12:07:33 CST 2026/04/19] [ERRO] (enhanced_message_handler.go:github.com/zhukovaskychina/xmysql-server/server/dispatcher.(*EnhancedBusinessMessageHandler).HandleQueryWithRealSession:130)  SQL执行错误: execute storage-integrated INSERT failed: 更新索引失败: 生成主键字节失败: 未找到主键列或主键值
[12:07:33 CST 2026/04/19] [ERRO] (storage_integrated_dml_executor.go:github.com/zhukovaskychina/xmysql-server/server/innodb/engine.(*StorageIntegratedDMLExecutor).insertRowToStorage:448)  立即持久化页面失败: 获取页面失败: failed to read page from storage: failed to read page 3: failed to read page: EOF
[12:07:33 CST 2026/04/19] [ERRO] (enhanced_message_handler.go:github.com/zhukovaskychina/xmysql-server/server/dispatcher.(*EnhancedBusinessMessageHandler).HandleQueryWithRealSession:130)  SQL执行错误: execute storage-integrated INSERT failed: 更新索引失败: 生成主键字节失败: 未找到主键列或主键值
[12:07:33 CST 2026/04/19] [ERRO] (storage_integrated_dml_executor.go:github.com/zhukovaskychina/xmysql-server/server/innodb/engine.(*StorageIntegratedDMLExecutor).insertRowToStorage:448)  立即持久化页面失败: 获取页面失败: failed to read page from storage: failed to read page 3: failed to read page: EOF
[12:07:33 CST 2026/04/19] [ERRO] (enhanced_message_handler.go:github.com/zhukovaskychina/xmysql-server/server/dispatcher.(*EnhancedBusinessMessageHandler).HandleQueryWithRealSession:130)  SQL执行错误: execute storage-integrated INSERT failed: 更新索引失败: 生成主键字节失败: 未找到主键列或主键值
[12:07:33 CST 2026/04/19] [ERRO] (storage_integrated_dml_executor.go:github.com/zhukovaskychina/xmysql-server/server/innodb/engine.(*StorageIntegratedDMLExecutor).insertRowToStorage:448)  立即持久化页面失败: 获取页面失败: failed to read page from storage: failed to read page 3: failed to read page: EOF
[12:07:33 CST 2026/04/19] [ERRO] (enhanced_message_handler.go:github.com/zhukovaskychina/xmysql-server/server/dispatcher.(*EnhancedBusinessMessageHandler).HandleQueryWithRealSession:130)  SQL执行错误: execute storage-integrated INSERT failed: 更新索引失败: 生成主键字节失败: 未找到主键列或主键值
[12:07:33 CST 2026/04/19] [ERRO] (storage_integrated_dml_executor.go:github.com/zhukovaskychina/xmysql-server/server/innodb/engine.(*StorageIntegratedDMLExecutor).insertRowToStorage:448)  立即持久化页面失败: 获取页面失败: failed to read page from storage: failed to read page 3: failed to read page: EOF
[12:07:33 CST 2026/04/19] [ERRO] (enhanced_message_handler.go:github.com/zhukovaskychina/xmysql-server/server/dispatcher.(*EnhancedBusinessMessageHandler).HandleQueryWithRealSession:130)  SQL执行错误: execute storage-integrated INSERT failed: 更新索引失败: 生成主键字节失败: 未找到主键列或主键值
[12:07:33 CST 2026/04/19] [ERRO] (storage_integrated_dml_executor.go:github.com/zhukovaskychina/xmysql-server/server/innodb/engine.(*StorageIntegratedDMLExecutor).insertRowToStorage:448)  立即持久化页面失败: 获取页面失败: failed to read page from storage: failed to read page 3: failed to read page: EOF
[12:07:33 CST 2026/04/19] [ERRO] (enhanced_message_handler.go:github.com/zhukovaskychina/xmysql-server/server/dispatcher.(*EnhancedBusinessMessageHandler).HandleQueryWithRealSession:130)  SQL执行错误: execute storage-integrated INSERT failed: 更新索引失败: 生成主键字节失败: 未找到主键列或主键值
[12:07:33 CST 2026/04/19] [ERRO] (storage_integrated_dml_executor.go:github.com/zhukovaskychina/xmysql-server/server/innodb/engine.(*StorageIntegratedDMLExecutor).insertRowToStorage:448)  立即持久化页面失败: 获取页面失败: failed to read page from storage: failed to read page 3: failed to read page: EOF
[12:07:33 CST 2026/04/19] [ERRO] (enhanced_message_handler.go:github.com/zhukovaskychina/xmysql-server/server/dispatcher.(*EnhancedBusinessMessageHandler).HandleQueryWithRealSession:130)  SQL执行错误: execute storage-integrated INSERT failed: 更新索引失败: 生成主键字节失败: 未找到主键列或主键值
[12:07:33 CST 2026/04/19] [ERRO] (storage_integrated_dml_executor.go:github.com/zhukovaskychina/xmysql-server/server/innodb/engine.(*StorageIntegratedDMLExecutor).insertRowToStorage:448)  立即持久化页面失败: 获取页面失败: failed to read page from storage: failed to read page 3: failed to read page: EOF
[12:07:33 CST 2026/04/19] [ERRO] (enhanced_message_handler.go:github.com/zhukovaskychina/xmysql-server/server/dispatcher.(*EnhancedBusinessMessageHandler).HandleQueryWithRealSession:130)  SQL执行错误: execute storage-integrated INSERT failed: 更新索引失败: 生成主键字节失败: 未找到主键列或主键值
[12:07:33 CST 2026/04/19] [ERRO] (storage_integrated_dml_executor.go:github.com/zhukovaskychina/xmysql-server/server/innodb/engine.(*StorageIntegratedDMLExecutor).insertRowToStorage:448)  立即持久化页面失败: 获取页面失败: failed to read page from storage: failed to read page 3: failed to read page: EOF
[12:07:33 CST 2026/04/19] [ERRO] (enhanced_message_handler.go:github.com/zhukovaskychina/xmysql-server/server/dispatcher.(*EnhancedBusinessMessageHandler).HandleQueryWithRealSession:130)  SQL执行错误: execute storage-integrated INSERT failed: 更新索引失败: 生成主键字节失败: 未找到主键列或主键值
[12:07:33 CST 2026/04/19] [ERRO] (storage_integrated_dml_executor.go:github.com/zhukovaskychina/xmysql-server/server/innodb/engine.(*StorageIntegratedDMLExecutor).insertRowToStorage:448)  立即持久化页面失败: 获取页面失败: failed to read page from storage: failed to read page 3: failed to read page: EOF
[12:07:33 CST 2026/04/19] [ERRO] (enhanced_message_handler.go:github.com/zhukovaskychina/xmysql-server/server/dispatcher.(*EnhancedBusinessMessageHandler).HandleQueryWithRealSession:130)  SQL执行错误: execute storage-integrated INSERT failed: 更新索引失败: 生成主键字节失败: 未找到主键列或主键值
[12:07:33 CST 2026/04/19] [ERRO] (storage_integrated_dml_executor.go:github.com/zhukovaskychina/xmysql-server/server/innodb/engine.(*StorageIntegratedDMLExecutor).insertRowToStorage:448)  立即持久化页面失败: 获取页面失败: failed to read page from storage: failed to read page 3: failed to read page: EOF
[12:07:33 CST 2026/04/19] [ERRO] (enhanced_message_handler.go:github.com/zhukovaskychina/xmysql-server/server/dispatcher.(*EnhancedBusinessMessageHandler).HandleQueryWithRealSession:130)  SQL执行错误: execute storage-integrated INSERT failed: 更新索引失败: 生成主键字节失败: 未找到主键列或主键值
[12:07:33 CST 2026/04/19] [ERRO] (enhanced_message_handler.go:github.com/zhukovaskychina/xmysql-server/server/dispatcher.(*EnhancedBusinessMessageHandler).HandleQueryWithRealSession:130)  SQL执行错误: execute storage-integrated INSERT failed: 解析INSERT数据失败: 列数量不匹配: 期望 0，实际 2
[12:07:33 CST 2026/04/19] [ERRO] (enhanced_message_handler.go:github.com/zhukovaskychina/xmysql-server/server/dispatcher.(*EnhancedBusinessMessageHandler).HandleQueryWithRealSession:130)  SQL执行错误: execute storage-integrated INSERT failed: 解析INSERT数据失败: 列数量不匹配: 期望 0，实际 3
[12:07:33 CST 2026/04/19] [ERRO] (storage_integrated_dml_executor.go:github.com/zhukovaskychina/xmysql-server/server/innodb/engine.(*StorageIntegratedDMLExecutor).insertRowToStorage:448)  立即持久化页面失败: 获取页面失败: failed to read page from storage: failed to read page 3: failed to read page: EOF
[12:07:33 CST 2026/04/19] [ERRO] (enhanced_message_handler.go:github.com/zhukovaskychina/xmysql-server/server/dispatcher.(*EnhancedBusinessMessageHandler).HandleQueryWithRealSession:130)  SQL执行错误: execute storage-integrated INSERT failed: 更新索引失败: 生成主键字节失败: 未找到主键列或主键值
[12:07:33 CST 2026/04/19] [ERRO] (storage_integrated_dml_executor.go:github.com/zhukovaskychina/xmysql-server/server/innodb/engine.(*StorageIntegratedDMLExecutor).insertRowToStorage:448)  立即持久化页面失败: 获取页面失败: failed to read page from storage: failed to read page 3: failed to read page: EOF
[12:07:33 CST 2026/04/19] [ERRO] (enhanced_message_handler.go:github.com/zhukovaskychina/xmysql-server/server/dispatcher.(*EnhancedBusinessMessageHandler).HandleQueryWithRealSession:130)  SQL执行错误: execute storage-integrated INSERT failed: 更新索引失败: 生成主键字节失败: 未找到主键列或主键值
[12:07:33 CST 2026/04/19] [ERRO] (storage_integrated_dml_executor.go:github.com/zhukovaskychina/xmysql-server/server/innodb/engine.(*StorageIntegratedDMLExecutor).insertRowToStorage:448)  立即持久化页面失败: 获取页面失败: failed to read page from storage: failed to read page 3: failed to read page: EOF
[12:07:33 CST 2026/04/19] [ERRO] (enhanced_message_handler.go:github.com/zhukovaskychina/xmysql-server/server/dispatcher.(*EnhancedBusinessMessageHandler).HandleQueryWithRealSession:130)  SQL执行错误: execute storage-integrated INSERT failed: 更新索引失败: 生成主键字节失败: 未找到主键列或主键值
[12:07:33 CST 2026/04/19] [ERRO] (storage_integrated_dml_executor.go:github.com/zhukovaskychina/xmysql-server/server/innodb/engine.(*StorageIntegratedDMLExecutor).insertRowToStorage:448)  立即持久化页面失败: 获取页面失败: failed to read page from storage: failed to read page 3: failed to read page: EOF
[12:07:33 CST 2026/04/19] [ERRO] (enhanced_message_handler.go:github.com/zhukovaskychina/xmysql-server/server/dispatcher.(*EnhancedBusinessMessageHandler).HandleQueryWithRealSession:130)  SQL执行错误: execute storage-integrated INSERT failed: 更新索引失败: 生成主键字节失败: 未找到主键列或主键值
[12:07:33 CST 2026/04/19] [ERRO] (storage_integrated_dml_executor.go:github.com/zhukovaskychina/xmysql-server/server/innodb/engine.(*StorageIntegratedDMLExecutor).insertRowToStorage:448)  立即持久化页面失败: 获取页面失败: failed to read page from storage: failed to read page 3: failed to read page: EOF
[12:07:33 CST 2026/04/19] [ERRO] (enhanced_message_handler.go:github.com/zhukovaskychina/xmysql-server/server/dispatcher.(*EnhancedBusinessMessageHandler).HandleQueryWithRealSession:130)  SQL执行错误: execute storage-integrated INSERT failed: 更新索引失败: 生成主键字节失败: 未找到主键列或主键值
[12:07:33 CST 2026/04/19] [ERRO] (storage_integrated_dml_executor.go:github.com/zhukovaskychina/xmysql-server/server/innodb/engine.(*StorageIntegratedDMLExecutor).insertRowToStorage:448)  立即持久化页面失败: 获取页面失败: failed to read page from storage: failed to read page 3: failed to read page: EOF
[12:07:33 CST 2026/04/19] [ERRO] (enhanced_message_handler.go:github.com/zhukovaskychina/xmysql-server/server/dispatcher.(*EnhancedBusinessMessageHandler).HandleQueryWithRealSession:130)  SQL执行错误: execute storage-integrated INSERT failed: 更新索引失败: 生成主键字节失败: 未找到主键列或主键值
[12:07:33 CST 2026/04/19] [ERRO] (storage_integrated_dml_executor.go:github.com/zhukovaskychina/xmysql-server/server/innodb/engine.(*StorageIntegratedDMLExecutor).insertRowToStorage:448)  立即持久化页面失败: 获取页面失败: failed to read page from storage: failed to read page 3: failed to read page: EOF
[12:07:33 CST 2026/04/19] [ERRO] (enhanced_message_handler.go:github.com/zhukovaskychina/xmysql-server/server/dispatcher.(*EnhancedBusinessMessageHandler).HandleQueryWithRealSession:130)  SQL执行错误: execute storage-integrated INSERT failed: 更新索引失败: 生成主键字节失败: 未找到主键列或主键值
[12:07:33 CST 2026/04/19] [ERRO] (storage_integrated_dml_executor.go:github.com/zhukovaskychina/xmysql-server/server/innodb/engine.(*StorageIntegratedDMLExecutor).insertRowToStorage:448)  立即持久化页面失败: 获取页面失败: failed to read page from storage: failed to read page 3: failed to read page: EOF
[12:07:33 CST 2026/04/19] [ERRO] (enhanced_message_handler.go:github.com/zhukovaskychina/xmysql-server/server/dispatcher.(*EnhancedBusinessMessageHandler).HandleQueryWithRealSession:130)  SQL执行错误: execute storage-integrated INSERT failed: 更新索引失败: 生成主键字节失败: 未找到主键列或主键值
[12:07:33 CST 2026/04/19] [ERRO] (storage_integrated_dml_executor.go:github.com/zhukovaskychina/xmysql-server/server/innodb/engine.(*StorageIntegratedDMLExecutor).insertRowToStorage:448)  立即持久化页面失败: 获取页面失败: failed to read page from storage: failed to read page 3: failed to read page: EOF
[12:07:33 CST 2026/04/19] [ERRO] (enhanced_message_handler.go:github.com/zhukovaskychina/xmysql-server/server/dispatcher.(*EnhancedBusinessMessageHandler).HandleQueryWithRealSession:130)  SQL执行错误: execute storage-integrated INSERT failed: 更新索引失败: 生成主键字节失败: 未找到主键列或主键值
[12:07:33 CST 2026/04/19] [ERRO] (storage_integrated_dml_executor.go:github.com/zhukovaskychina/xmysql-server/server/innodb/engine.(*StorageIntegratedDMLExecutor).insertRowToStorage:448)  立即持久化页面失败: 获取页面失败: failed to read page from storage: failed to read page 3: failed to read page: EOF
[12:07:33 CST 2026/04/19] [ERRO] (enhanced_message_handler.go:github.com/zhukovaskychina/xmysql-server/server/dispatcher.(*EnhancedBusinessMessageHandler).HandleQueryWithRealSession:130)  SQL执行错误: execute storage-integrated INSERT failed: 更新索引失败: 生成主键字节失败: 未找到主键列或主键值
[12:07:33 CST 2026/04/19] [ERRO] (decoupled_handler.go:github.com/zhukovaskychina/xmysql-server/server/net.(*DecoupledMySQLMessageHandler).OnMessage:329) [OnMessage] [COM_QUIT: quit] SessionID=session session-closed, Read Bytes: 4246, Write Bytes: 3182, Read Pkgs: 33, Write Pkgs: 55, RemoteAddr=127.0.0.1:54066 - 找不到会话
[12:07:33 CST 2026/04/19] [ERRO] (decoupled_handler.go:github.com/zhukovaskychina/xmysql-server/server/net.(*DecoupledMySQLMessageHandler).OnMessage:329) [OnMessage] [COM_QUIT: quit] SessionID=session session-closed, Read Bytes: 1961, Write Bytes: 5386, Read Pkgs: 29, Write Pkgs: 174, RemoteAddr=127.0.0.1:54067 - 找不到会话
[12:07:33 CST 2026/04/19] [ERRO] (storage_integrated_dml_executor.go:github.com/zhukovaskychina/xmysql-server/server/innodb/engine.(*StorageIntegratedDMLExecutor).insertRowToStorage:448)  立即持久化页面失败: 获取页面失败: failed to read page from storage: failed to read page 3: failed to read page: EOF
[12:07:33 CST 2026/04/19] [ERRO] (enhanced_message_handler.go:github.com/zhukovaskychina/xmysql-server/server/dispatcher.(*EnhancedBusinessMessageHandler).HandleQueryWithRealSession:130)  SQL执行错误: execute storage-integrated INSERT failed: 更新索引失败: 生成主键字节失败: 未找到主键列或主键值
[12:07:33 CST 2026/04/19] [ERRO] (storage_integrated_dml_executor.go:github.com/zhukovaskychina/xmysql-server/server/innodb/engine.(*StorageIntegratedDMLExecutor).insertRowToStorage:448)  立即持久化页面失败: 获取页面失败: failed to read page from storage: failed to read page 3: failed to read page: EOF
[12:07:33 CST 2026/04/19] [ERRO] (enhanced_message_handler.go:github.com/zhukovaskychina/xmysql-server/server/dispatcher.(*EnhancedBusinessMessageHandler).HandleQueryWithRealSession:130)  SQL执行错误: execute storage-integrated INSERT failed: 更新索引失败: 生成主键字节失败: 未找到主键列或主键值
[12:07:33 CST 2026/04/19] [ERRO] (decoupled_handler.go:github.com/zhukovaskychina/xmysql-server/server/net.(*DecoupledMySQLMessageHandler).OnMessage:329) [OnMessage] [COM_QUIT: quit] SessionID=session session-closed, Read Bytes: 1753, Write Bytes: 1609, Read Pkgs: 8, Write Pkgs: 30, RemoteAddr=127.0.0.1:54069 - 找不到会话
[12:07:33 CST 2026/04/19] [ERRO] (enhanced_message_handler.go:github.com/zhukovaskychina/xmysql-server/server/dispatcher.(*EnhancedBusinessMessageHandler).HandleQueryWithRealSession:130)  SQL执行错误: unsupported DDL action: truncate
[12:07:33 CST 2026/04/19] [ERRO] (enhanced_message_handler.go:github.com/zhukovaskychina/xmysql-server/server/dispatcher.(*EnhancedBusinessMessageHandler).HandleQueryWithRealSession:130)  SQL执行错误: unsupported DDL action: truncate
[12:07:33 CST 2026/04/19] [ERRO] (enhanced_message_handler.go:github.com/zhukovaskychina/xmysql-server/server/dispatcher.(*EnhancedBusinessMessageHandler).HandleQueryWithRealSession:130)  SQL执行错误: unsupported DDL action: truncate
[12:07:33 CST 2026/04/19] [ERRO] (enhanced_message_handler.go:github.com/zhukovaskychina/xmysql-server/server/dispatcher.(*EnhancedBusinessMessageHandler).HandleQueryWithRealSession:130)  SQL执行错误: unsupported DDL action: truncate
[12:07:33 CST 2026/04/19] [ERRO] (enhanced_message_handler.go:github.com/zhukovaskychina/xmysql-server/server/dispatcher.(*EnhancedBusinessMessageHandler).HandleQueryWithRealSession:130)  SQL执行错误: unsupported DDL action: truncate
[12:07:33 CST 2026/04/19] [ERRO] (enhanced_message_handler.go:github.com/zhukovaskychina/xmysql-server/server/dispatcher.(*EnhancedBusinessMessageHandler).HandleQueryWithRealSession:130)  SQL执行错误: unsupported DDL action: truncate
[12:07:33 CST 2026/04/19] [ERRO] (enhanced_message_handler.go:github.com/zhukovaskychina/xmysql-server/server/dispatcher.(*EnhancedBusinessMessageHandler).HandleQueryWithRealSession:130)  SQL执行错误: unsupported DDL action: truncate
[12:07:33 CST 2026/04/19] [ERRO] (enhanced_message_handler.go:github.com/zhukovaskychina/xmysql-server/server/dispatcher.(*EnhancedBusinessMessageHandler).HandleQueryWithRealSession:130)  SQL执行错误: unsupported DDL action: truncate
[12:07:33 CST 2026/04/19] [ERRO] (decoupled_handler.go:github.com/zhukovaskychina/xmysql-server/server/net.(*DecoupledMySQLMessageHandler).OnMessage:329) [OnMessage] [COM_QUIT: quit] SessionID=session session-closed, Read Bytes: 1610, Write Bytes: 1838, Read Pkgs: 15, Write Pkgs: 37, RemoteAddr=127.0.0.1:54070 - 找不到会话
[12:07:33 CST 2026/04/19] [ERRO] (decoupled_handler.go:github.com/zhukovaskychina/xmysql-server/server/net.(*DecoupledMySQLMessageHandler).OnMessage:329) [OnMessage] [COM_QUIT: quit] SessionID=session session-closed, Read Bytes: 1012, Write Bytes: 1434, Read Pkgs: 3, Write Pkgs: 25, RemoteAddr=127.0.0.1:54071 - 找不到会话
[12:07:33 CST 2026/04/19] [ERRO] (decoupled_handler.go:github.com/zhukovaskychina/xmysql-server/server/net.(*DecoupledMySQLMessageHandler).handleAuthentication:603) 认证包体太短: 1 bytes
[12:07:34 CST 2026/04/19] [ERRO] (decoupled_handler.go:github.com/zhukovaskychina/xmysql-server/server/net.(*DecoupledMySQLMessageHandler).OnMessage:329) [OnMessage] [COM_QUIT: quit] SessionID=session session-closed, Read Bytes: 1032, Write Bytes: 1616, Read Pkgs: 4, Write Pkgs: 32, RemoteAddr=127.0.0.1:54078 - 找不到会话
[12:07:34 CST 2026/04/19] [ERRO] (enhanced_message_handler.go:github.com/zhukovaskychina/xmysql-server/server/dispatcher.(*EnhancedBusinessMessageHandler).HandleQueryWithRealSession:130)  SQL执行错误: unsupported DDL action: truncate
[12:07:34 CST 2026/04/19] [ERRO] (enhanced_message_handler.go:github.com/zhukovaskychina/xmysql-server/server/dispatcher.(*EnhancedBusinessMessageHandler).HandleQueryWithRealSession:130)  SQL执行错误: unsupported DDL action: truncate
[12:07:34 CST 2026/04/19] [ERRO] (enhanced_message_handler.go:github.com/zhukovaskychina/xmysql-server/server/dispatcher.(*EnhancedBusinessMessageHandler).HandleQueryWithRealSession:130)  SQL执行错误: unsupported DDL action: truncate
[12:07:34 CST 2026/04/19] [ERRO] (enhanced_message_handler.go:github.com/zhukovaskychina/xmysql-server/server/dispatcher.(*EnhancedBusinessMessageHandler).HandleQueryWithRealSession:130)  SQL执行错误: unsupported DDL action: truncate
[12:07:34 CST 2026/04/19] [ERRO] (enhanced_message_handler.go:github.com/zhukovaskychina/xmysql-server/server/dispatcher.(*EnhancedBusinessMessageHandler).HandleQueryWithRealSession:130)  SQL执行错误: unsupported DDL action: truncate
[12:07:34 CST 2026/04/19] [ERRO] (enhanced_message_handler.go:github.com/zhukovaskychina/xmysql-server/server/dispatcher.(*EnhancedBusinessMessageHandler).HandleQueryWithRealSession:130)  SQL执行错误: unsupported DDL action: truncate
[12:07:34 CST 2026/04/19] [ERRO] (enhanced_message_handler.go:github.com/zhukovaskychina/xmysql-server/server/dispatcher.(*EnhancedBusinessMessageHandler).HandleQueryWithRealSession:130)  SQL执行错误: unsupported DDL action: truncate
[12:07:34 CST 2026/04/19] [ERRO] (enhanced_message_handler.go:github.com/zhukovaskychina/xmysql-server/server/dispatcher.(*EnhancedBusinessMessageHandler).HandleQueryWithRealSession:130)  SQL执行错误: unsupported DDL action: truncate
[12:07:34 CST 2026/04/19] [ERRO] (enhanced_message_handler.go:github.com/zhukovaskychina/xmysql-server/server/dispatcher.(*EnhancedBusinessMessageHandler).HandleQueryWithRealSession:130)  SQL执行错误: unsupported DDL action: truncate
[12:07:34 CST 2026/04/19] [ERRO] (enhanced_message_handler.go:github.com/zhukovaskychina/xmysql-server/server/dispatcher.(*EnhancedBusinessMessageHandler).HandleQueryWithRealSession:130)  SQL执行错误: unsupported DDL action: truncate
[12:07:34 CST 2026/04/19] [ERRO] (enhanced_message_handler.go:github.com/zhukovaskychina/xmysql-server/server/dispatcher.(*EnhancedBusinessMessageHandler).HandleQueryWithRealSession:130)  SQL执行错误: unsupported DDL action: truncate
[12:07:34 CST 2026/04/19] [ERRO] (enhanced_message_handler.go:github.com/zhukovaskychina/xmysql-server/server/dispatcher.(*EnhancedBusinessMessageHandler).HandleQueryWithRealSession:130)  SQL执行错误: unsupported DDL action: truncate
[12:07:34 CST 2026/04/19] [ERRO] (enhanced_message_handler.go:github.com/zhukovaskychina/xmysql-server/server/dispatcher.(*EnhancedBusinessMessageHandler).HandleQueryWithRealSession:130)  SQL执行错误: unsupported DDL action: truncate
[14:11:51 CST 2026/04/19] [ERRO] (decoupled_handler.go:github.com/zhukovaskychina/xmysql-server/server/net.(*DecoupledMySQLMessageHandler).OnMessage:329) [OnMessage] [COM_QUIT: quit] SessionID=session session-closed, Read Bytes: 1100, Write Bytes: 1440, Read Pkgs: 5, Write Pkgs: 27, RemoteAddr=127.0.0.1:64593 - 找不到会话
[14:11:51 CST 2026/04/19] [ERRO] (decoupled_handler.go:github.com/zhukovaskychina/xmysql-server/server/net.(*DecoupledMySQLMessageHandler).OnMessage:329) [OnMessage] [COM_QUIT: quit] SessionID=session session-closed, Read Bytes: 1012, Write Bytes: 1434, Read Pkgs: 3, Write Pkgs: 25, RemoteAddr=127.0.0.1:64594 - 找不到会话
[14:11:51 CST 2026/04/19] [ERRO] (decoupled_handler.go:github.com/zhukovaskychina/xmysql-server/server/net.(*DecoupledMySQLMessageHandler).OnMessage:329) [OnMessage] [COM_QUIT: quit] SessionID=session session-closed, Read Bytes: 1012, Write Bytes: 1434, Read Pkgs: 3, Write Pkgs: 25, RemoteAddr=127.0.0.1:64596 - 找不到会话
[14:11:51 CST 2026/04/19] [ERRO] (decoupled_handler.go:github.com/zhukovaskychina/xmysql-server/server/net.(*DecoupledMySQLMessageHandler).OnMessage:329) [OnMessage] [COM_QUIT: quit] SessionID=session session-closed, Read Bytes: 1032, Write Bytes: 1616, Read Pkgs: 4, Write Pkgs: 32, RemoteAddr=127.0.0.1:64600 - 找不到会话
[14:12:37 CST 2026/04/19] [ERRO] (enhanced_message_handler.go:github.com/zhukovaskychina/xmysql-server/server/dispatcher.(*EnhancedBusinessMessageHandler).HandleQueryWithRealSession:130)  SQL执行错误: database 'test_ddl_db_5' does not exist
[14:12:37 CST 2026/04/19] [ERRO] (enhanced_message_handler.go:github.com/zhukovaskychina/xmysql-server/server/dispatcher.(*EnhancedBusinessMessageHandler).HandleQueryWithRealSession:130)  SQL执行错误: database 'test_ddl_db_1' does not exist
[14:12:37 CST 2026/04/19] [ERRO] (enhanced_message_handler.go:github.com/zhukovaskychina/xmysql-server/server/dispatcher.(*EnhancedBusinessMessageHandler).HandleQueryWithRealSession:130)  SQL执行错误: database 'test_ddl_db_1' does not exist
[14:12:37 CST 2026/04/19] [ERRO] (enhanced_message_handler.go:github.com/zhukovaskychina/xmysql-server/server/dispatcher.(*EnhancedBusinessMessageHandler).HandleQueryWithRealSession:130)  SQL执行错误: database 'test_ddl_db_1' does not exist
[14:12:38 CST 2026/04/19] [ERRO] (enhanced_message_handler.go:github.com/zhukovaskychina/xmysql-server/server/dispatcher.(*EnhancedBusinessMessageHandler).HandleQueryWithRealSession:130)  SQL执行错误: database 'test_ddl_db_5' does not exist
[14:12:38 CST 2026/04/19] [ERRO] (enhanced_message_handler.go:github.com/zhukovaskychina/xmysql-server/server/dispatcher.(*EnhancedBusinessMessageHandler).HandleQueryWithRealSession:130)  SQL执行错误: database 'test_ddl_db_1' does not exist
[14:12:38 CST 2026/04/19] [ERRO] (enhanced_message_handler.go:github.com/zhukovaskychina/xmysql-server/server/dispatcher.(*EnhancedBusinessMessageHandler).HandleQueryWithRealSession:130)  SQL执行错误: table 'test_table_basic' already exists
[14:12:38 CST 2026/04/19] [ERRO] (enhanced_message_handler.go:github.com/zhukovaskychina/xmysql-server/server/dispatcher.(*EnhancedBusinessMessageHandler).HandleQueryWithRealSession:130)  SQL执行错误: database 'test_ddl_db_1' does not exist
[14:12:38 CST 2026/04/19] [ERRO] (enhanced_message_handler.go:github.com/zhukovaskychina/xmysql-server/server/dispatcher.(*EnhancedBusinessMessageHandler).HandleQueryWithRealSession:130)  SQL执行错误: table 'test_table_indexed' already exists
[14:12:38 CST 2026/04/19] [ERRO] (enhanced_message_handler.go:github.com/zhukovaskychina/xmysql-server/server/dispatcher.(*EnhancedBusinessMessageHandler).HandleQueryWithRealSession:130)  SQL执行错误: database 'test_ddl_db_1' does not exist
[14:12:38 CST 2026/04/19] [ERRO] (enhanced_message_handler.go:github.com/zhukovaskychina/xmysql-server/server/dispatcher.(*EnhancedBusinessMessageHandler).HandleQueryWithRealSession:130)  SQL执行错误: table 'users' already exists
[14:12:38 CST 2026/04/19] [ERRO] (enhanced_message_handler.go:github.com/zhukovaskychina/xmysql-server/server/dispatcher.(*EnhancedBusinessMessageHandler).HandleQueryWithRealSession:130)  SQL执行错误: database 'test_ddl_db_1' does not exist
[14:12:38 CST 2026/04/19] [ERRO] (enhanced_message_handler.go:github.com/zhukovaskychina/xmysql-server/server/dispatcher.(*EnhancedBusinessMessageHandler).HandleQueryWithRealSession:130)  SQL执行错误: table 'test_table_drop' already exists
[14:12:38 CST 2026/04/19] [ERRO] (enhanced_message_handler.go:github.com/zhukovaskychina/xmysql-server/server/dispatcher.(*EnhancedBusinessMessageHandler).HandleQueryWithRealSession:130)  SQL执行错误: database 'test_ddl_db_1' does not exist
[14:12:38 CST 2026/04/19] [ERRO] (enhanced_message_handler.go:github.com/zhukovaskychina/xmysql-server/server/dispatcher.(*EnhancedBusinessMessageHandler).HandleQueryWithRealSession:130)  SQL执行错误: table 'test_table_alter' already exists
[14:12:38 CST 2026/04/19] [ERRO] (enhanced_message_handler.go:github.com/zhukovaskychina/xmysql-server/server/dispatcher.(*EnhancedBusinessMessageHandler).HandleQueryWithRealSession:130)  SQL执行错误: database 'test_ddl_db_1' does not exist
[14:12:38 CST 2026/04/19] [ERRO] (enhanced_message_handler.go:github.com/zhukovaskychina/xmysql-server/server/dispatcher.(*EnhancedBusinessMessageHandler).HandleQueryWithRealSession:130)  SQL执行错误: table 'test_table_truncate' already exists
[14:12:38 CST 2026/04/19] [ERRO] (enhanced_message_handler.go:github.com/zhukovaskychina/xmysql-server/server/dispatcher.(*EnhancedBusinessMessageHandler).HandleQueryWithRealSession:130)  SQL执行错误: database 'test_ddl_db_1' does not exist
[14:12:38 CST 2026/04/19] [ERRO] (enhanced_message_handler.go:github.com/zhukovaskychina/xmysql-server/server/dispatcher.(*EnhancedBusinessMessageHandler).HandleQueryWithRealSession:130)  SQL执行错误: database 'test_ddl_db_charset_utf8' already exists
[14:12:38 CST 2026/04/19] [ERRO] (enhanced_message_handler.go:github.com/zhukovaskychina/xmysql-server/server/dispatcher.(*EnhancedBusinessMessageHandler).HandleQueryWithRealSession:130)  SQL执行错误: database 'test_ddl_db_1' does not exist
[14:12:38 CST 2026/04/19] [ERRO] (enhanced_message_handler.go:github.com/zhukovaskychina/xmysql-server/server/dispatcher.(*EnhancedBusinessMessageHandler).HandleQueryWithRealSession:130)  SQL执行错误: database 'test_ddl_db_charset_utf8mb4' already exists
[14:12:38 CST 2026/04/19] [ERRO] (enhanced_message_handler.go:github.com/zhukovaskychina/xmysql-server/server/dispatcher.(*EnhancedBusinessMessageHandler).HandleQueryWithRealSession:130)  SQL执行错误: database 'test_ddl_db_1' does not exist
[14:12:38 CST 2026/04/19] [ERRO] (enhanced_message_handler.go:github.com/zhukovaskychina/xmysql-server/server/dispatcher.(*EnhancedBusinessMessageHandler).HandleQueryWithRealSession:130)  SQL执行错误: database 'test_ddl_db_charset_latin1' already exists
[14:12:38 CST 2026/04/19] [ERRO] (enhanced_message_handler.go:github.com/zhukovaskychina/xmysql-server/server/dispatcher.(*EnhancedBusinessMessageHandler).HandleQueryWithRealSession:130)  SQL执行错误: database 'test_ddl_db_1' does not exist
[14:12:38 CST 2026/04/19] [ERRO] (enhanced_message_handler.go:github.com/zhukovaskychina/xmysql-server/server/dispatcher.(*EnhancedBusinessMessageHandler).HandleQueryWithRealSession:130)  SQL执行错误: unsupported DDL action: truncate
[14:12:38 CST 2026/04/19] [ERRO] (enhanced_message_handler.go:github.com/zhukovaskychina/xmysql-server/server/dispatcher.(*EnhancedBusinessMessageHandler).HandleQueryWithRealSession:130)  SQL执行错误: unsupported DDL action: truncate
[14:12:38 CST 2026/04/19] [ERRO] (enhanced_message_handler.go:github.com/zhukovaskychina/xmysql-server/server/dispatcher.(*EnhancedBusinessMessageHandler).HandleQueryWithRealSession:130)  SQL执行错误: unsupported DDL action: truncate
[14:12:38 CST 2026/04/19] [ERRO] (enhanced_message_handler.go:github.com/zhukovaskychina/xmysql-server/server/dispatcher.(*EnhancedBusinessMessageHandler).HandleQueryWithRealSession:130)  SQL执行错误: unsupported DDL action: truncate
[14:12:38 CST 2026/04/19] [ERRO] (enhanced_message_handler.go:github.com/zhukovaskychina/xmysql-server/server/dispatcher.(*EnhancedBusinessMessageHandler).HandleQueryWithRealSession:130)  SQL执行错误: unsupported DDL action: truncate
[14:12:38 CST 2026/04/19] [ERRO] (enhanced_message_handler.go:github.com/zhukovaskychina/xmysql-server/server/dispatcher.(*EnhancedBusinessMessageHandler).HandleQueryWithRealSession:130)  SQL执行错误: unsupported DDL action: truncate
[14:12:38 CST 2026/04/19] [ERRO] (enhanced_message_handler.go:github.com/zhukovaskychina/xmysql-server/server/dispatcher.(*EnhancedBusinessMessageHandler).HandleQueryWithRealSession:130)  SQL执行错误: unsupported DDL action: truncate
[14:12:38 CST 2026/04/19] [ERRO] (enhanced_message_handler.go:github.com/zhukovaskychina/xmysql-server/server/dispatcher.(*EnhancedBusinessMessageHandler).HandleQueryWithRealSession:130)  SQL执行错误: unsupported DDL action: truncate
[14:12:38 CST 2026/04/19] [ERRO] (enhanced_message_handler.go:github.com/zhukovaskychina/xmysql-server/server/dispatcher.(*EnhancedBusinessMessageHandler).HandleQueryWithRealSession:130)  SQL执行错误: unsupported DDL action: truncate
[14:12:38 CST 2026/04/19] [ERRO] (enhanced_message_handler.go:github.com/zhukovaskychina/xmysql-server/server/dispatcher.(*EnhancedBusinessMessageHandler).HandleQueryWithRealSession:130)  SQL执行错误: unsupported DDL action: truncate
[14:12:38 CST 2026/04/19] [ERRO] (enhanced_message_handler.go:github.com/zhukovaskychina/xmysql-server/server/dispatcher.(*EnhancedBusinessMessageHandler).HandleQueryWithRealSession:130)  SQL执行错误: unsupported DDL action: truncate
[14:12:38 CST 2026/04/19] [ERRO] (enhanced_message_handler.go:github.com/zhukovaskychina/xmysql-server/server/dispatcher.(*EnhancedBusinessMessageHandler).HandleQueryWithRealSession:130)  SQL执行错误: unsupported DDL action: truncate
[14:12:38 CST 2026/04/19] [ERRO] (decoupled_handler.go:github.com/zhukovaskychina/xmysql-server/server/net.(*DecoupledMySQLMessageHandler).OnMessage:329) [OnMessage] [COM_QUIT: quit] SessionID=session session-closed, Read Bytes: 1678, Write Bytes: 2018, Read Pkgs: 19, Write Pkgs: 41, RemoteAddr=127.0.0.1:64844 - 找不到会话
[14:12:38 CST 2026/04/19] [ERRO] (enhanced_message_handler.go:github.com/zhukovaskychina/xmysql-server/server/dispatcher.(*EnhancedBusinessMessageHandler).HandleQueryWithRealSession:130)  SQL执行错误: unsupported DDL action: truncate
[14:12:38 CST 2026/04/19] [ERRO] (enhanced_message_handler.go:github.com/zhukovaskychina/xmysql-server/server/dispatcher.(*EnhancedBusinessMessageHandler).HandleQueryWithRealSession:130)  SQL执行错误: unsupported DDL action: truncate
[14:12:38 CST 2026/04/19] [ERRO] (enhanced_message_handler.go:github.com/zhukovaskychina/xmysql-server/server/dispatcher.(*EnhancedBusinessMessageHandler).HandleQueryWithRealSession:130)  SQL执行错误: unsupported DDL action: truncate
[14:12:38 CST 2026/04/19] [ERRO] (enhanced_message_handler.go:github.com/zhukovaskychina/xmysql-server/server/dispatcher.(*EnhancedBusinessMessageHandler).HandleQueryWithRealSession:130)  SQL执行错误: unsupported DDL action: truncate
[14:12:38 CST 2026/04/19] [ERRO] (enhanced_message_handler.go:github.com/zhukovaskychina/xmysql-server/server/dispatcher.(*EnhancedBusinessMessageHandler).HandleQueryWithRealSession:130)  SQL执行错误: unsupported DDL action: truncate
[14:12:38 CST 2026/04/19] [ERRO] (enhanced_message_handler.go:github.com/zhukovaskychina/xmysql-server/server/dispatcher.(*EnhancedBusinessMessageHandler).HandleQueryWithRealSession:130)  SQL执行错误: unsupported DDL action: truncate
[14:12:38 CST 2026/04/19] [ERRO] (enhanced_message_handler.go:github.com/zhukovaskychina/xmysql-server/server/dispatcher.(*EnhancedBusinessMessageHandler).HandleQueryWithRealSession:130)  SQL执行错误: unsupported DDL action: truncate
[14:12:38 CST 2026/04/19] [ERRO] (enhanced_message_handler.go:github.com/zhukovaskychina/xmysql-server/server/dispatcher.(*EnhancedBusinessMessageHandler).HandleQueryWithRealSession:130)  SQL执行错误: unsupported DDL action: truncate
[14:12:38 CST 2026/04/19] [ERRO] (decoupled_handler.go:github.com/zhukovaskychina/xmysql-server/server/net.(*DecoupledMySQLMessageHandler).OnMessage:329) [OnMessage] [COM_QUIT: quit] SessionID=session session-closed, Read Bytes: 1518, Write Bytes: 1838, Read Pkgs: 15, Write Pkgs: 37, RemoteAddr=127.0.0.1:64846 - 找不到会话
[14:12:38 CST 2026/04/19] [ERRO] (storage_integrated_dml_executor.go:github.com/zhukovaskychina/xmysql-server/server/innodb/engine.(*StorageIntegratedDMLExecutor).insertRowToStorage:448)  立即持久化页面失败: 获取页面失败: failed to read page from storage: failed to read page 3: failed to read page: EOF
[14:12:38 CST 2026/04/19] [ERRO] (enhanced_message_handler.go:github.com/zhukovaskychina/xmysql-server/server/dispatcher.(*EnhancedBusinessMessageHandler).HandleQueryWithRealSession:130)  SQL执行错误: execute storage-integrated INSERT failed: 更新索引失败: 生成主键字节失败: 未找到主键列或主键值
[14:12:38 CST 2026/04/19] [ERRO] (storage_integrated_dml_executor.go:github.com/zhukovaskychina/xmysql-server/server/innodb/engine.(*StorageIntegratedDMLExecutor).insertRowToStorage:448)  立即持久化页面失败: 获取页面失败: failed to read page from storage: failed to read page 3: failed to read page: EOF
[14:12:38 CST 2026/04/19] [ERRO] (enhanced_message_handler.go:github.com/zhukovaskychina/xmysql-server/server/dispatcher.(*EnhancedBusinessMessageHandler).HandleQueryWithRealSession:130)  SQL执行错误: execute storage-integrated INSERT failed: 更新索引失败: 生成主键字节失败: 未找到主键列或主键值
[14:12:38 CST 2026/04/19] [ERRO] (storage_integrated_dml_executor.go:github.com/zhukovaskychina/xmysql-server/server/innodb/engine.(*StorageIntegratedDMLExecutor).insertRowToStorage:448)  立即持久化页面失败: 获取页面失败: failed to read page from storage: failed to read page 3: failed to read page: EOF
[14:12:38 CST 2026/04/19] [ERRO] (enhanced_message_handler.go:github.com/zhukovaskychina/xmysql-server/server/dispatcher.(*EnhancedBusinessMessageHandler).HandleQueryWithRealSession:130)  SQL执行错误: execute storage-integrated INSERT failed: 更新索引失败: 生成主键字节失败: 未找到主键列或主键值
[14:12:38 CST 2026/04/19] [ERRO] (storage_integrated_dml_executor.go:github.com/zhukovaskychina/xmysql-server/server/innodb/engine.(*StorageIntegratedDMLExecutor).insertRowToStorage:448)  立即持久化页面失败: 获取页面失败: failed to read page from storage: failed to read page 3: failed to read page: EOF
[14:12:38 CST 2026/04/19] [ERRO] (enhanced_message_handler.go:github.com/zhukovaskychina/xmysql-server/server/dispatcher.(*EnhancedBusinessMessageHandler).HandleQueryWithRealSession:130)  SQL执行错误: execute storage-integrated INSERT failed: 更新索引失败: 生成主键字节失败: 未找到主键列或主键值
[14:12:38 CST 2026/04/19] [ERRO] (storage_integrated_dml_executor.go:github.com/zhukovaskychina/xmysql-server/server/innodb/engine.(*StorageIntegratedDMLExecutor).insertRowToStorage:448)  立即持久化页面失败: 获取页面失败: failed to read page from storage: failed to read page 3: failed to read page: EOF
[14:12:38 CST 2026/04/19] [ERRO] (enhanced_message_handler.go:github.com/zhukovaskychina/xmysql-server/server/dispatcher.(*EnhancedBusinessMessageHandler).HandleQueryWithRealSession:130)  SQL执行错误: execute storage-integrated INSERT failed: 更新索引失败: 生成主键字节失败: 未找到主键列或主键值
[14:12:38 CST 2026/04/19] [ERRO] (storage_integrated_dml_executor.go:github.com/zhukovaskychina/xmysql-server/server/innodb/engine.(*StorageIntegratedDMLExecutor).insertRowToStorage:448)  立即持久化页面失败: 获取页面失败: failed to read page from storage: failed to read page 3: failed to read page: EOF
[14:12:38 CST 2026/04/19] [ERRO] (enhanced_message_handler.go:github.com/zhukovaskychina/xmysql-server/server/dispatcher.(*EnhancedBusinessMessageHandler).HandleQueryWithRealSession:130)  SQL执行错误: execute storage-integrated INSERT failed: 更新索引失败: 生成主键字节失败: 未找到主键列或主键值
[14:12:38 CST 2026/04/19] [ERRO] (storage_integrated_dml_executor.go:github.com/zhukovaskychina/xmysql-server/server/innodb/engine.(*StorageIntegratedDMLExecutor).insertRowToStorage:448)  立即持久化页面失败: 获取页面失败: failed to read page from storage: failed to read page 3: failed to read page: EOF
[14:12:38 CST 2026/04/19] [ERRO] (enhanced_message_handler.go:github.com/zhukovaskychina/xmysql-server/server/dispatcher.(*EnhancedBusinessMessageHandler).HandleQueryWithRealSession:130)  SQL执行错误: execute storage-integrated INSERT failed: 更新索引失败: 生成主键字节失败: 未找到主键列或主键值
[14:12:38 CST 2026/04/19] [ERRO] (storage_integrated_dml_executor.go:github.com/zhukovaskychina/xmysql-server/server/innodb/engine.(*StorageIntegratedDMLExecutor).insertRowToStorage:448)  立即持久化页面失败: 获取页面失败: failed to read page from storage: failed to read page 3: failed to read page: EOF
[14:12:38 CST 2026/04/19] [ERRO] (enhanced_message_handler.go:github.com/zhukovaskychina/xmysql-server/server/dispatcher.(*EnhancedBusinessMessageHandler).HandleQueryWithRealSession:130)  SQL执行错误: execute storage-integrated INSERT failed: 更新索引失败: 生成主键字节失败: 未找到主键列或主键值
[14:12:38 CST 2026/04/19] [ERRO] (storage_integrated_dml_executor.go:github.com/zhukovaskychina/xmysql-server/server/innodb/engine.(*StorageIntegratedDMLExecutor).insertRowToStorage:448)  立即持久化页面失败: 获取页面失败: failed to read page from storage: failed to read page 3: failed to read page: EOF
[14:12:38 CST 2026/04/19] [ERRO] (enhanced_message_handler.go:github.com/zhukovaskychina/xmysql-server/server/dispatcher.(*EnhancedBusinessMessageHandler).HandleQueryWithRealSession:130)  SQL执行错误: execute storage-integrated INSERT failed: 更新索引失败: 生成主键字节失败: 未找到主键列或主键值
[14:12:38 CST 2026/04/19] [ERRO] (storage_integrated_dml_executor.go:github.com/zhukovaskychina/xmysql-server/server/innodb/engine.(*StorageIntegratedDMLExecutor).insertRowToStorage:448)  立即持久化页面失败: 获取页面失败: failed to read page from storage: failed to read page 3: failed to read page: EOF
[14:12:38 CST 2026/04/19] [ERRO] (enhanced_message_handler.go:github.com/zhukovaskychina/xmysql-server/server/dispatcher.(*EnhancedBusinessMessageHandler).HandleQueryWithRealSession:130)  SQL执行错误: execute storage-integrated INSERT failed: 更新索引失败: 生成主键字节失败: 未找到主键列或主键值
[14:12:38 CST 2026/04/19] [ERRO] (storage_integrated_dml_executor.go:github.com/zhukovaskychina/xmysql-server/server/innodb/engine.(*StorageIntegratedDMLExecutor).insertRowToStorage:448)  立即持久化页面失败: 获取页面失败: failed to read page from storage: failed to read page 3: failed to read page: EOF
[14:12:38 CST 2026/04/19] [ERRO] (enhanced_message_handler.go:github.com/zhukovaskychina/xmysql-server/server/dispatcher.(*EnhancedBusinessMessageHandler).HandleQueryWithRealSession:130)  SQL执行错误: execute storage-integrated INSERT failed: 更新索引失败: 生成主键字节失败: 未找到主键列或主键值
[14:12:38 CST 2026/04/19] [ERRO] (enhanced_message_handler.go:github.com/zhukovaskychina/xmysql-server/server/dispatcher.(*EnhancedBusinessMessageHandler).HandleQueryWithRealSession:130)  SQL执行错误: execute storage-integrated INSERT failed: 解析INSERT数据失败: 列数量不匹配: 期望 0，实际 2
[14:12:38 CST 2026/04/19] [ERRO] (enhanced_message_handler.go:github.com/zhukovaskychina/xmysql-server/server/dispatcher.(*EnhancedBusinessMessageHandler).HandleQueryWithRealSession:130)  SQL执行错误: execute storage-integrated INSERT failed: 解析INSERT数据失败: 列数量不匹配: 期望 0，实际 3
[14:12:38 CST 2026/04/19] [ERRO] (storage_integrated_dml_executor.go:github.com/zhukovaskychina/xmysql-server/server/innodb/engine.(*StorageIntegratedDMLExecutor).insertRowToStorage:448)  立即持久化页面失败: 获取页面失败: failed to read page from storage: failed to read page 3: failed to read page: EOF
[14:12:38 CST 2026/04/19] [ERRO] (enhanced_message_handler.go:github.com/zhukovaskychina/xmysql-server/server/dispatcher.(*EnhancedBusinessMessageHandler).HandleQueryWithRealSession:130)  SQL执行错误: execute storage-integrated INSERT failed: 更新索引失败: 生成主键字节失败: 未找到主键列或主键值
[14:12:38 CST 2026/04/19] [ERRO] (storage_integrated_dml_executor.go:github.com/zhukovaskychina/xmysql-server/server/innodb/engine.(*StorageIntegratedDMLExecutor).insertRowToStorage:448)  立即持久化页面失败: 获取页面失败: failed to read page from storage: failed to read page 3: failed to read page: EOF
[14:12:38 CST 2026/04/19] [ERRO] (enhanced_message_handler.go:github.com/zhukovaskychina/xmysql-server/server/dispatcher.(*EnhancedBusinessMessageHandler).HandleQueryWithRealSession:130)  SQL执行错误: execute storage-integrated INSERT failed: 更新索引失败: 生成主键字节失败: 未找到主键列或主键值
[14:12:38 CST 2026/04/19] [ERRO] (storage_integrated_dml_executor.go:github.com/zhukovaskychina/xmysql-server/server/innodb/engine.(*StorageIntegratedDMLExecutor).insertRowToStorage:448)  立即持久化页面失败: 获取页面失败: failed to read page from storage: failed to read page 3: failed to read page: EOF
[14:12:38 CST 2026/04/19] [ERRO] (enhanced_message_handler.go:github.com/zhukovaskychina/xmysql-server/server/dispatcher.(*EnhancedBusinessMessageHandler).HandleQueryWithRealSession:130)  SQL执行错误: execute storage-integrated INSERT failed: 更新索引失败: 生成主键字节失败: 未找到主键列或主键值
[14:12:38 CST 2026/04/19] [ERRO] (storage_integrated_dml_executor.go:github.com/zhukovaskychina/xmysql-server/server/innodb/engine.(*StorageIntegratedDMLExecutor).insertRowToStorage:448)  立即持久化页面失败: 获取页面失败: failed to read page from storage: failed to read page 3: failed to read page: EOF
[14:12:38 CST 2026/04/19] [ERRO] (enhanced_message_handler.go:github.com/zhukovaskychina/xmysql-server/server/dispatcher.(*EnhancedBusinessMessageHandler).HandleQueryWithRealSession:130)  SQL执行错误: execute storage-integrated INSERT failed: 更新索引失败: 生成主键字节失败: 未找到主键列或主键值
[14:12:38 CST 2026/04/19] [ERRO] (storage_integrated_dml_executor.go:github.com/zhukovaskychina/xmysql-server/server/innodb/engine.(*StorageIntegratedDMLExecutor).insertRowToStorage:448)  立即持久化页面失败: 获取页面失败: failed to read page from storage: failed to read page 3: failed to read page: EOF
[14:12:38 CST 2026/04/19] [ERRO] (enhanced_message_handler.go:github.com/zhukovaskychina/xmysql-server/server/dispatcher.(*EnhancedBusinessMessageHandler).HandleQueryWithRealSession:130)  SQL执行错误: execute storage-integrated INSERT failed: 更新索引失败: 生成主键字节失败: 未找到主键列或主键值
[14:12:38 CST 2026/04/19] [ERRO] (storage_integrated_dml_executor.go:github.com/zhukovaskychina/xmysql-server/server/innodb/engine.(*StorageIntegratedDMLExecutor).insertRowToStorage:448)  立即持久化页面失败: 获取页面失败: failed to read page from storage: failed to read page 3: failed to read page: EOF
[14:12:38 CST 2026/04/19] [ERRO] (enhanced_message_handler.go:github.com/zhukovaskychina/xmysql-server/server/dispatcher.(*EnhancedBusinessMessageHandler).HandleQueryWithRealSession:130)  SQL执行错误: execute storage-integrated INSERT failed: 更新索引失败: 生成主键字节失败: 未找到主键列或主键值
[14:12:38 CST 2026/04/19] [ERRO] (storage_integrated_dml_executor.go:github.com/zhukovaskychina/xmysql-server/server/innodb/engine.(*StorageIntegratedDMLExecutor).insertRowToStorage:448)  立即持久化页面失败: 获取页面失败: failed to read page from storage: failed to read page 3: failed to read page: EOF
[14:12:38 CST 2026/04/19] [ERRO] (enhanced_message_handler.go:github.com/zhukovaskychina/xmysql-server/server/dispatcher.(*EnhancedBusinessMessageHandler).HandleQueryWithRealSession:130)  SQL执行错误: execute storage-integrated INSERT failed: 更新索引失败: 生成主键字节失败: 未找到主键列或主键值
[14:12:38 CST 2026/04/19] [ERRO] (storage_integrated_dml_executor.go:github.com/zhukovaskychina/xmysql-server/server/innodb/engine.(*StorageIntegratedDMLExecutor).insertRowToStorage:448)  立即持久化页面失败: 获取页面失败: failed to read page from storage: failed to read page 3: failed to read page: EOF
[14:12:38 CST 2026/04/19] [ERRO] (enhanced_message_handler.go:github.com/zhukovaskychina/xmysql-server/server/dispatcher.(*EnhancedBusinessMessageHandler).HandleQueryWithRealSession:130)  SQL执行错误: execute storage-integrated INSERT failed: 更新索引失败: 生成主键字节失败: 未找到主键列或主键值
[14:12:38 CST 2026/04/19] [ERRO] (storage_integrated_dml_executor.go:github.com/zhukovaskychina/xmysql-server/server/innodb/engine.(*StorageIntegratedDMLExecutor).insertRowToStorage:448)  立即持久化页面失败: 获取页面失败: failed to read page from storage: failed to read page 3: failed to read page: EOF
[14:12:38 CST 2026/04/19] [ERRO] (enhanced_message_handler.go:github.com/zhukovaskychina/xmysql-server/server/dispatcher.(*EnhancedBusinessMessageHandler).HandleQueryWithRealSession:130)  SQL执行错误: execute storage-integrated INSERT failed: 更新索引失败: 生成主键字节失败: 未找到主键列或主键值
[14:12:38 CST 2026/04/19] [ERRO] (storage_integrated_dml_executor.go:github.com/zhukovaskychina/xmysql-server/server/innodb/engine.(*StorageIntegratedDMLExecutor).insertRowToStorage:448)  立即持久化页面失败: 获取页面失败: failed to read page from storage: failed to read page 3: failed to read page: EOF
[14:12:38 CST 2026/04/19] [ERRO] (enhanced_message_handler.go:github.com/zhukovaskychina/xmysql-server/server/dispatcher.(*EnhancedBusinessMessageHandler).HandleQueryWithRealSession:130)  SQL执行错误: execute storage-integrated INSERT failed: 更新索引失败: 生成主键字节失败: 未找到主键列或主键值
[14:12:38 CST 2026/04/19] [ERRO] (decoupled_handler.go:github.com/zhukovaskychina/xmysql-server/server/net.(*DecoupledMySQLMessageHandler).OnMessage:329) [OnMessage] [COM_QUIT: quit] SessionID=session session-closed, Read Bytes: 4246, Write Bytes: 3182, Read Pkgs: 33, Write Pkgs: 55, RemoteAddr=127.0.0.1:64850 - 找不到会话
[14:12:38 CST 2026/04/19] [ERRO] (decoupled_handler.go:github.com/zhukovaskychina/xmysql-server/server/net.(*DecoupledMySQLMessageHandler).OnMessage:329) [OnMessage] [COM_QUIT: quit] SessionID=session session-closed, Read Bytes: 1961, Write Bytes: 5386, Read Pkgs: 29, Write Pkgs: 174, RemoteAddr=127.0.0.1:64851 - 找不到会话
[14:12:38 CST 2026/04/19] [ERRO] (storage_integrated_dml_executor.go:github.com/zhukovaskychina/xmysql-server/server/innodb/engine.(*StorageIntegratedDMLExecutor).insertRowToStorage:448)  立即持久化页面失败: 获取页面失败: failed to read page from storage: failed to read page 3: failed to read page: EOF
[14:12:38 CST 2026/04/19] [ERRO] (enhanced_message_handler.go:github.com/zhukovaskychina/xmysql-server/server/dispatcher.(*EnhancedBusinessMessageHandler).HandleQueryWithRealSession:130)  SQL执行错误: execute storage-integrated INSERT failed: 更新索引失败: 生成主键字节失败: 未找到主键列或主键值
[14:12:38 CST 2026/04/19] [ERRO] (decoupled_handler.go:github.com/zhukovaskychina/xmysql-server/server/net.(*DecoupledMySQLMessageHandler).OnMessage:329) [OnMessage] [COM_QUIT: quit] SessionID=session session-closed, Read Bytes: 1856, Write Bytes: 1637, Read Pkgs: 12, Write Pkgs: 34, RemoteAddr=127.0.0.1:64852 - 找不到会话
[14:12:38 CST 2026/04/19] [ERRO] (storage_integrated_dml_executor.go:github.com/zhukovaskychina/xmysql-server/server/innodb/engine.(*StorageIntegratedDMLExecutor).insertRowToStorage:448)  立即持久化页面失败: 获取页面失败: failed to read page from storage: failed to read page 3: failed to read page: EOF
[14:12:38 CST 2026/04/19] [ERRO] (enhanced_message_handler.go:github.com/zhukovaskychina/xmysql-server/server/dispatcher.(*EnhancedBusinessMessageHandler).HandleQueryWithRealSession:130)  SQL执行错误: execute storage-integrated INSERT failed: 更新索引失败: 生成主键字节失败: 未找到主键列或主键值
[14:12:38 CST 2026/04/19] [ERRO] (decoupled_handler.go:github.com/zhukovaskychina/xmysql-server/server/net.(*DecoupledMySQLMessageHandler).OnMessage:329) [OnMessage] [COM_QUIT: quit] SessionID=session session-closed, Read Bytes: 1753, Write Bytes: 1609, Read Pkgs: 8, Write Pkgs: 30, RemoteAddr=127.0.0.1:64853 - 找不到会话
[14:12:38 CST 2026/04/19] [ERRO] (enhanced_message_handler.go:github.com/zhukovaskychina/xmysql-server/server/dispatcher.(*EnhancedBusinessMessageHandler).HandleQueryWithRealSession:130)  SQL执行错误: unsupported DDL action: truncate
[14:12:38 CST 2026/04/19] [ERRO] (enhanced_message_handler.go:github.com/zhukovaskychina/xmysql-server/server/dispatcher.(*EnhancedBusinessMessageHandler).HandleQueryWithRealSession:130)  SQL执行错误: unsupported DDL action: truncate
[14:12:38 CST 2026/04/19] [ERRO] (enhanced_message_handler.go:github.com/zhukovaskychina/xmysql-server/server/dispatcher.(*EnhancedBusinessMessageHandler).HandleQueryWithRealSession:130)  SQL执行错误: unsupported DDL action: truncate
[14:12:38 CST 2026/04/19] [ERRO] (enhanced_message_handler.go:github.com/zhukovaskychina/xmysql-server/server/dispatcher.(*EnhancedBusinessMessageHandler).HandleQueryWithRealSession:130)  SQL执行错误: unsupported DDL action: truncate
[14:12:38 CST 2026/04/19] [ERRO] (enhanced_message_handler.go:github.com/zhukovaskychina/xmysql-server/server/dispatcher.(*EnhancedBusinessMessageHandler).HandleQueryWithRealSession:130)  SQL执行错误: unsupported DDL action: truncate
[14:12:38 CST 2026/04/19] [ERRO] (enhanced_message_handler.go:github.com/zhukovaskychina/xmysql-server/server/dispatcher.(*EnhancedBusinessMessageHandler).HandleQueryWithRealSession:130)  SQL执行错误: unsupported DDL action: truncate
[14:12:38 CST 2026/04/19] [ERRO] (enhanced_message_handler.go:github.com/zhukovaskychina/xmysql-server/server/dispatcher.(*EnhancedBusinessMessageHandler).HandleQueryWithRealSession:130)  SQL执行错误: unsupported DDL action: truncate
[14:12:38 CST 2026/04/19] [ERRO] (enhanced_message_handler.go:github.com/zhukovaskychina/xmysql-server/server/dispatcher.(*EnhancedBusinessMessageHandler).HandleQueryWithRealSession:130)  SQL执行错误: unsupported DDL action: truncate
[14:12:38 CST 2026/04/19] [ERRO] (decoupled_handler.go:github.com/zhukovaskychina/xmysql-server/server/net.(*DecoupledMySQLMessageHandler).OnMessage:329) [OnMessage] [COM_QUIT: quit] SessionID=session session-closed, Read Bytes: 1012, Write Bytes: 1434, Read Pkgs: 3, Write Pkgs: 25, RemoteAddr=127.0.0.1:64857 - 找不到会话
[14:12:38 CST 2026/04/19] [ERRO] (decoupled_handler.go:github.com/zhukovaskychina/xmysql-server/server/net.(*DecoupledMySQLMessageHandler).OnMessage:329) [OnMessage] [COM_QUIT: quit] SessionID=session session-closed, Read Bytes: 1012, Write Bytes: 1434, Read Pkgs: 3, Write Pkgs: 25, RemoteAddr=127.0.0.1:64859 - 找不到会话
[14:12:38 CST 2026/04/19] [ERRO] (decoupled_handler.go:github.com/zhukovaskychina/xmysql-server/server/net.(*DecoupledMySQLMessageHandler).OnMessage:329) [OnMessage] [COM_QUIT: quit] SessionID=session session-closed, Read Bytes: 1012, Write Bytes: 1434, Read Pkgs: 3, Write Pkgs: 25, RemoteAddr=127.0.0.1:64860 - 找不到会话
[14:12:38 CST 2026/04/19] [ERRO] (decoupled_handler.go:github.com/zhukovaskychina/xmysql-server/server/net.(*DecoupledMySQLMessageHandler).OnMessage:329) [OnMessage] [COM_QUIT: quit] SessionID=session session-closed, Read Bytes: 1012, Write Bytes: 1434, Read Pkgs: 3, Write Pkgs: 25, RemoteAddr=127.0.0.1:64862 - 找不到会话
[14:12:38 CST 2026/04/19] [ERRO] (enhanced_message_handler.go:github.com/zhukovaskychina/xmysql-server/server/dispatcher.(*EnhancedBusinessMessageHandler).HandleQueryWithRealSession:130)  SQL执行错误: unsupported DDL action: truncate
[14:12:38 CST 2026/04/19] [ERRO] (enhanced_message_handler.go:github.com/zhukovaskychina/xmysql-server/server/dispatcher.(*EnhancedBusinessMessageHandler).HandleQueryWithRealSession:130)  SQL执行错误: unsupported DDL action: truncate
[14:12:38 CST 2026/04/19] [ERRO] (enhanced_message_handler.go:github.com/zhukovaskychina/xmysql-server/server/dispatcher.(*EnhancedBusinessMessageHandler).HandleQueryWithRealSession:130)  SQL执行错误: unsupported DDL action: truncate
[14:12:38 CST 2026/04/19] [ERRO] (enhanced_message_handler.go:github.com/zhukovaskychina/xmysql-server/server/dispatcher.(*EnhancedBusinessMessageHandler).HandleQueryWithRealSession:130)  SQL执行错误: unsupported DDL action: truncate
[14:12:38 CST 2026/04/19] [ERRO] (enhanced_message_handler.go:github.com/zhukovaskychina/xmysql-server/server/dispatcher.(*EnhancedBusinessMessageHandler).HandleQueryWithRealSession:130)  SQL执行错误: unsupported DDL action: truncate
[14:12:38 CST 2026/04/19] [ERRO] (enhanced_message_handler.go:github.com/zhukovaskychina/xmysql-server/server/dispatcher.(*EnhancedBusinessMessageHandler).HandleQueryWithRealSession:130)  SQL执行错误: unsupported DDL action: truncate
[14:12:38 CST 2026/04/19] [ERRO] (enhanced_message_handler.go:github.com/zhukovaskychina/xmysql-server/server/dispatcher.(*EnhancedBusinessMessageHandler).HandleQueryWithRealSession:130)  SQL执行错误: unsupported DDL action: truncate
[14:12:38 CST 2026/04/19] [ERRO] (enhanced_message_handler.go:github.com/zhukovaskychina/xmysql-server/server/dispatcher.(*EnhancedBusinessMessageHandler).HandleQueryWithRealSession:130)  SQL执行错误: unsupported DDL action: truncate
[14:12:38 CST 2026/04/19] [ERRO] (enhanced_message_handler.go:github.com/zhukovaskychina/xmysql-server/server/dispatcher.(*EnhancedBusinessMessageHandler).HandleQueryWithRealSession:130)  SQL执行错误: unsupported DDL action: truncate
[14:12:38 CST 2026/04/19] [ERRO] (enhanced_message_handler.go:github.com/zhukovaskychina/xmysql-server/server/dispatcher.(*EnhancedBusinessMessageHandler).HandleQueryWithRealSession:130)  SQL执行错误: unsupported DDL action: truncate
[14:12:38 CST 2026/04/19] [ERRO] (enhanced_message_handler.go:github.com/zhukovaskychina/xmysql-server/server/dispatcher.(*EnhancedBusinessMessageHandler).HandleQueryWithRealSession:130)  SQL执行错误: unsupported DDL action: truncate
[14:12:38 CST 2026/04/19] [ERRO] (enhanced_message_handler.go:github.com/zhukovaskychina/xmysql-server/server/dispatcher.(*EnhancedBusinessMessageHandler).HandleQueryWithRealSession:130)  SQL执行错误: unsupported DDL action: truncate
[14:12:38 CST 2026/04/19] [ERRO] (enhanced_message_handler.go:github.com/zhukovaskychina/xmysql-server/server/dispatcher.(*EnhancedBusinessMessageHandler).HandleQueryWithRealSession:130)  SQL执行错误: unsupported DDL action: truncate
[14:12:38 CST 2026/04/19] [ERRO] (decoupled_handler.go:github.com/zhukovaskychina/xmysql-server/server/net.(*DecoupledMySQLMessageHandler).OnMessage:329) [OnMessage] [COM_QUIT: quit] SessionID=session session-closed, Read Bytes: 1898, Write Bytes: 2074, Read Pkgs: 21, Write Pkgs: 43, RemoteAddr=127.0.0.1:64864 - 找不到会话
[14:13:08 CST 2026/04/19] [ERRO] (enhanced_message_handler.go:github.com/zhukovaskychina/xmysql-server/server/dispatcher.(*EnhancedBusinessMessageHandler).HandleQueryWithRealSession:130)  SQL执行错误: database 'test_ddl_db_5' does not exist
[14:13:08 CST 2026/04/19] [ERRO] (enhanced_message_handler.go:github.com/zhukovaskychina/xmysql-server/server/dispatcher.(*EnhancedBusinessMessageHandler).HandleQueryWithRealSession:130)  SQL执行错误: database 'test_ddl_db_1' does not exist
[14:13:08 CST 2026/04/19] [ERRO] (enhanced_message_handler.go:github.com/zhukovaskychina/xmysql-server/server/dispatcher.(*EnhancedBusinessMessageHandler).HandleQueryWithRealSession:130)  SQL执行错误: database 'test_ddl_db_1' does not exist
[14:13:08 CST 2026/04/19] [ERRO] (enhanced_message_handler.go:github.com/zhukovaskychina/xmysql-server/server/dispatcher.(*EnhancedBusinessMessageHandler).HandleQueryWithRealSession:130)  SQL执行错误: database 'test_ddl_db_1' does not exist
[14:13:08 CST 2026/04/19] [ERRO] (enhanced_message_handler.go:github.com/zhukovaskychina/xmysql-server/server/dispatcher.(*EnhancedBusinessMessageHandler).HandleQueryWithRealSession:130)  SQL执行错误: database 'test_ddl_db_5' does not exist
[14:13:08 CST 2026/04/19] [ERRO] (enhanced_message_handler.go:github.com/zhukovaskychina/xmysql-server/server/dispatcher.(*EnhancedBusinessMessageHandler).HandleQueryWithRealSession:130)  SQL执行错误: database 'test_ddl_db_1' does not exist
[14:13:08 CST 2026/04/19] [ERRO] (enhanced_message_handler.go:github.com/zhukovaskychina/xmysql-server/server/dispatcher.(*EnhancedBusinessMessageHandler).HandleQueryWithRealSession:130)  SQL执行错误: table 'test_table_basic' already exists
[14:13:08 CST 2026/04/19] [ERRO] (enhanced_message_handler.go:github.com/zhukovaskychina/xmysql-server/server/dispatcher.(*EnhancedBusinessMessageHandler).HandleQueryWithRealSession:130)  SQL执行错误: database 'test_ddl_db_1' does not exist
[14:13:08 CST 2026/04/19] [ERRO] (enhanced_message_handler.go:github.com/zhukovaskychina/xmysql-server/server/dispatcher.(*EnhancedBusinessMessageHandler).HandleQueryWithRealSession:130)  SQL执行错误: table 'test_table_indexed' already exists
[14:13:08 CST 2026/04/19] [ERRO] (enhanced_message_handler.go:github.com/zhukovaskychina/xmysql-server/server/dispatcher.(*EnhancedBusinessMessageHandler).HandleQueryWithRealSession:130)  SQL执行错误: database 'test_ddl_db_1' does not exist
[14:13:08 CST 2026/04/19] [ERRO] (enhanced_message_handler.go:github.com/zhukovaskychina/xmysql-server/server/dispatcher.(*EnhancedBusinessMessageHandler).HandleQueryWithRealSession:130)  SQL执行错误: table 'users' already exists
[14:13:08 CST 2026/04/19] [ERRO] (enhanced_message_handler.go:github.com/zhukovaskychina/xmysql-server/server/dispatcher.(*EnhancedBusinessMessageHandler).HandleQueryWithRealSession:130)  SQL执行错误: database 'test_ddl_db_1' does not exist
[14:13:08 CST 2026/04/19] [ERRO] (enhanced_message_handler.go:github.com/zhukovaskychina/xmysql-server/server/dispatcher.(*EnhancedBusinessMessageHandler).HandleQueryWithRealSession:130)  SQL执行错误: table 'test_table_drop' already exists
[14:13:08 CST 2026/04/19] [ERRO] (enhanced_message_handler.go:github.com/zhukovaskychina/xmysql-server/server/dispatcher.(*EnhancedBusinessMessageHandler).HandleQueryWithRealSession:130)  SQL执行错误: database 'test_ddl_db_1' does not exist
[14:13:08 CST 2026/04/19] [ERRO] (enhanced_message_handler.go:github.com/zhukovaskychina/xmysql-server/server/dispatcher.(*EnhancedBusinessMessageHandler).HandleQueryWithRealSession:130)  SQL执行错误: table 'test_table_alter' already exists
[14:13:08 CST 2026/04/19] [ERRO] (enhanced_message_handler.go:github.com/zhukovaskychina/xmysql-server/server/dispatcher.(*EnhancedBusinessMessageHandler).HandleQueryWithRealSession:130)  SQL执行错误: database 'test_ddl_db_1' does not exist
[14:13:08 CST 2026/04/19] [ERRO] (enhanced_message_handler.go:github.com/zhukovaskychina/xmysql-server/server/dispatcher.(*EnhancedBusinessMessageHandler).HandleQueryWithRealSession:130)  SQL执行错误: table 'test_table_truncate' already exists
[14:13:08 CST 2026/04/19] [ERRO] (enhanced_message_handler.go:github.com/zhukovaskychina/xmysql-server/server/dispatcher.(*EnhancedBusinessMessageHandler).HandleQueryWithRealSession:130)  SQL执行错误: database 'test_ddl_db_1' does not exist
[14:13:08 CST 2026/04/19] [ERRO] (enhanced_message_handler.go:github.com/zhukovaskychina/xmysql-server/server/dispatcher.(*EnhancedBusinessMessageHandler).HandleQueryWithRealSession:130)  SQL执行错误: database 'test_ddl_db_charset_utf8' already exists
[14:13:08 CST 2026/04/19] [ERRO] (enhanced_message_handler.go:github.com/zhukovaskychina/xmysql-server/server/dispatcher.(*EnhancedBusinessMessageHandler).HandleQueryWithRealSession:130)  SQL执行错误: database 'test_ddl_db_1' does not exist
[14:13:08 CST 2026/04/19] [ERRO] (enhanced_message_handler.go:github.com/zhukovaskychina/xmysql-server/server/dispatcher.(*EnhancedBusinessMessageHandler).HandleQueryWithRealSession:130)  SQL执行错误: database 'test_ddl_db_charset_utf8mb4' already exists
[14:13:08 CST 2026/04/19] [ERRO] (enhanced_message_handler.go:github.com/zhukovaskychina/xmysql-server/server/dispatcher.(*EnhancedBusinessMessageHandler).HandleQueryWithRealSession:130)  SQL执行错误: database 'test_ddl_db_1' does not exist
[14:13:08 CST 2026/04/19] [ERRO] (enhanced_message_handler.go:github.com/zhukovaskychina/xmysql-server/server/dispatcher.(*EnhancedBusinessMessageHandler).HandleQueryWithRealSession:130)  SQL执行错误: database 'test_ddl_db_charset_latin1' already exists
[14:13:08 CST 2026/04/19] [ERRO] (enhanced_message_handler.go:github.com/zhukovaskychina/xmysql-server/server/dispatcher.(*EnhancedBusinessMessageHandler).HandleQueryWithRealSession:130)  SQL执行错误: database 'test_ddl_db_1' does not exist
[14:13:08 CST 2026/04/19] [ERRO] (decoupled_handler.go:github.com/zhukovaskychina/xmysql-server/server/net.(*DecoupledMySQLMessageHandler).OnMessage:329) [OnMessage] [COM_QUIT: quit] SessionID=session session-closed, Read Bytes: 3578, Write Bytes: 2977, Read Pkgs: 51, Write Pkgs: 73, RemoteAddr=127.0.0.1:64993 - 找不到会话
[14:13:08 CST 2026/04/19] [ERRO] (enhanced_message_handler.go:github.com/zhukovaskychina/xmysql-server/server/dispatcher.(*EnhancedBusinessMessageHandler).HandleQueryWithRealSession:130)  SQL执行错误: unsupported DDL action: truncate
[14:13:08 CST 2026/04/19] [ERRO] (enhanced_message_handler.go:github.com/zhukovaskychina/xmysql-server/server/dispatcher.(*EnhancedBusinessMessageHandler).HandleQueryWithRealSession:130)  SQL执行错误: unsupported DDL action: truncate
[14:13:09 CST 2026/04/19] [ERRO] (enhanced_message_handler.go:github.com/zhukovaskychina/xmysql-server/server/dispatcher.(*EnhancedBusinessMessageHandler).HandleQueryWithRealSession:130)  SQL执行错误: unsupported DDL action: truncate
[14:13:09 CST 2026/04/19] [ERRO] (enhanced_message_handler.go:github.com/zhukovaskychina/xmysql-server/server/dispatcher.(*EnhancedBusinessMessageHandler).HandleQueryWithRealSession:130)  SQL执行错误: unsupported DDL action: truncate
[14:13:09 CST 2026/04/19] [ERRO] (enhanced_message_handler.go:github.com/zhukovaskychina/xmysql-server/server/dispatcher.(*EnhancedBusinessMessageHandler).HandleQueryWithRealSession:130)  SQL执行错误: unsupported DDL action: truncate
[14:13:09 CST 2026/04/19] [ERRO] (enhanced_message_handler.go:github.com/zhukovaskychina/xmysql-server/server/dispatcher.(*EnhancedBusinessMessageHandler).HandleQueryWithRealSession:130)  SQL执行错误: unsupported DDL action: truncate
[14:13:09 CST 2026/04/19] [ERRO] (enhanced_message_handler.go:github.com/zhukovaskychina/xmysql-server/server/dispatcher.(*EnhancedBusinessMessageHandler).HandleQueryWithRealSession:130)  SQL执行错误: unsupported DDL action: truncate
[14:13:09 CST 2026/04/19] [ERRO] (enhanced_message_handler.go:github.com/zhukovaskychina/xmysql-server/server/dispatcher.(*EnhancedBusinessMessageHandler).HandleQueryWithRealSession:130)  SQL执行错误: unsupported DDL action: truncate
[14:13:09 CST 2026/04/19] [ERRO] (enhanced_message_handler.go:github.com/zhukovaskychina/xmysql-server/server/dispatcher.(*EnhancedBusinessMessageHandler).HandleQueryWithRealSession:130)  SQL执行错误: unsupported DDL action: truncate
[14:13:09 CST 2026/04/19] [ERRO] (enhanced_message_handler.go:github.com/zhukovaskychina/xmysql-server/server/dispatcher.(*EnhancedBusinessMessageHandler).HandleQueryWithRealSession:130)  SQL执行错误: unsupported DDL action: truncate
[14:13:09 CST 2026/04/19] [ERRO] (enhanced_message_handler.go:github.com/zhukovaskychina/xmysql-server/server/dispatcher.(*EnhancedBusinessMessageHandler).HandleQueryWithRealSession:130)  SQL执行错误: unsupported DDL action: truncate
[14:13:09 CST 2026/04/19] [ERRO] (enhanced_message_handler.go:github.com/zhukovaskychina/xmysql-server/server/dispatcher.(*EnhancedBusinessMessageHandler).HandleQueryWithRealSession:130)  SQL执行错误: unsupported DDL action: truncate
[14:13:09 CST 2026/04/19] [ERRO] (decoupled_handler.go:github.com/zhukovaskychina/xmysql-server/server/net.(*DecoupledMySQLMessageHandler).OnMessage:329) [OnMessage] [COM_QUIT: quit] SessionID=session session-closed, Read Bytes: 1678, Write Bytes: 2018, Read Pkgs: 19, Write Pkgs: 41, RemoteAddr=127.0.0.1:64999 - 找不到会话
[14:13:09 CST 2026/04/19] [ERRO] (enhanced_message_handler.go:github.com/zhukovaskychina/xmysql-server/server/dispatcher.(*EnhancedBusinessMessageHandler).HandleQueryWithRealSession:130)  SQL执行错误: unsupported DDL action: truncate
[14:13:09 CST 2026/04/19] [ERRO] (enhanced_message_handler.go:github.com/zhukovaskychina/xmysql-server/server/dispatcher.(*EnhancedBusinessMessageHandler).HandleQueryWithRealSession:130)  SQL执行错误: unsupported DDL action: truncate
[14:13:09 CST 2026/04/19] [ERRO] (enhanced_message_handler.go:github.com/zhukovaskychina/xmysql-server/server/dispatcher.(*EnhancedBusinessMessageHandler).HandleQueryWithRealSession:130)  SQL执行错误: unsupported DDL action: truncate
[14:13:09 CST 2026/04/19] [ERRO] (enhanced_message_handler.go:github.com/zhukovaskychina/xmysql-server/server/dispatcher.(*EnhancedBusinessMessageHandler).HandleQueryWithRealSession:130)  SQL执行错误: unsupported DDL action: truncate
[14:13:09 CST 2026/04/19] [ERRO] (enhanced_message_handler.go:github.com/zhukovaskychina/xmysql-server/server/dispatcher.(*EnhancedBusinessMessageHandler).HandleQueryWithRealSession:130)  SQL执行错误: unsupported DDL action: truncate
[14:13:09 CST 2026/04/19] [ERRO] (enhanced_message_handler.go:github.com/zhukovaskychina/xmysql-server/server/dispatcher.(*EnhancedBusinessMessageHandler).HandleQueryWithRealSession:130)  SQL执行错误: unsupported DDL action: truncate
[14:13:09 CST 2026/04/19] [ERRO] (enhanced_message_handler.go:github.com/zhukovaskychina/xmysql-server/server/dispatcher.(*EnhancedBusinessMessageHandler).HandleQueryWithRealSession:130)  SQL执行错误: unsupported DDL action: truncate
[14:13:09 CST 2026/04/19] [ERRO] (enhanced_message_handler.go:github.com/zhukovaskychina/xmysql-server/server/dispatcher.(*EnhancedBusinessMessageHandler).HandleQueryWithRealSession:130)  SQL执行错误: unsupported DDL action: truncate
[14:13:09 CST 2026/04/19] [ERRO] (decoupled_handler.go:github.com/zhukovaskychina/xmysql-server/server/net.(*DecoupledMySQLMessageHandler).OnMessage:329) [OnMessage] [COM_QUIT: quit] SessionID=session session-closed, Read Bytes: 1518, Write Bytes: 1838, Read Pkgs: 15, Write Pkgs: 37, RemoteAddr=127.0.0.1:65002 - 找不到会话
[14:13:09 CST 2026/04/19] [ERRO] (storage_integrated_dml_executor.go:github.com/zhukovaskychina/xmysql-server/server/innodb/engine.(*StorageIntegratedDMLExecutor).insertRowToStorage:448)  立即持久化页面失败: 获取页面失败: failed to read page from storage: failed to read page 3: failed to read page: EOF
[14:13:09 CST 2026/04/19] [ERRO] (enhanced_message_handler.go:github.com/zhukovaskychina/xmysql-server/server/dispatcher.(*EnhancedBusinessMessageHandler).HandleQueryWithRealSession:130)  SQL执行错误: execute storage-integrated INSERT failed: 更新索引失败: 生成主键字节失败: 未找到主键列或主键值
[14:13:09 CST 2026/04/19] [ERRO] (storage_integrated_dml_executor.go:github.com/zhukovaskychina/xmysql-server/server/innodb/engine.(*StorageIntegratedDMLExecutor).insertRowToStorage:448)  立即持久化页面失败: 获取页面失败: failed to read page from storage: failed to read page 3: failed to read page: EOF
[14:13:09 CST 2026/04/19] [ERRO] (enhanced_message_handler.go:github.com/zhukovaskychina/xmysql-server/server/dispatcher.(*EnhancedBusinessMessageHandler).HandleQueryWithRealSession:130)  SQL执行错误: execute storage-integrated INSERT failed: 更新索引失败: 生成主键字节失败: 未找到主键列或主键值
[14:13:09 CST 2026/04/19] [ERRO] (storage_integrated_dml_executor.go:github.com/zhukovaskychina/xmysql-server/server/innodb/engine.(*StorageIntegratedDMLExecutor).insertRowToStorage:448)  立即持久化页面失败: 获取页面失败: failed to read page from storage: failed to read page 3: failed to read page: EOF
[14:13:09 CST 2026/04/19] [ERRO] (enhanced_message_handler.go:github.com/zhukovaskychina/xmysql-server/server/dispatcher.(*EnhancedBusinessMessageHandler).HandleQueryWithRealSession:130)  SQL执行错误: execute storage-integrated INSERT failed: 更新索引失败: 生成主键字节失败: 未找到主键列或主键值
[14:13:09 CST 2026/04/19] [ERRO] (storage_integrated_dml_executor.go:github.com/zhukovaskychina/xmysql-server/server/innodb/engine.(*StorageIntegratedDMLExecutor).insertRowToStorage:448)  立即持久化页面失败: 获取页面失败: failed to read page from storage: failed to read page 3: failed to read page: EOF
[14:13:09 CST 2026/04/19] [ERRO] (enhanced_message_handler.go:github.com/zhukovaskychina/xmysql-server/server/dispatcher.(*EnhancedBusinessMessageHandler).HandleQueryWithRealSession:130)  SQL执行错误: execute storage-integrated INSERT failed: 更新索引失败: 生成主键字节失败: 未找到主键列或主键值
[14:13:09 CST 2026/04/19] [ERRO] (storage_integrated_dml_executor.go:github.com/zhukovaskychina/xmysql-server/server/innodb/engine.(*StorageIntegratedDMLExecutor).insertRowToStorage:448)  立即持久化页面失败: 获取页面失败: failed to read page from storage: failed to read page 3: failed to read page: EOF
[14:13:09 CST 2026/04/19] [ERRO] (enhanced_message_handler.go:github.com/zhukovaskychina/xmysql-server/server/dispatcher.(*EnhancedBusinessMessageHandler).HandleQueryWithRealSession:130)  SQL执行错误: execute storage-integrated INSERT failed: 更新索引失败: 生成主键字节失败: 未找到主键列或主键值
[14:13:09 CST 2026/04/19] [ERRO] (storage_integrated_dml_executor.go:github.com/zhukovaskychina/xmysql-server/server/innodb/engine.(*StorageIntegratedDMLExecutor).insertRowToStorage:448)  立即持久化页面失败: 获取页面失败: failed to read page from storage: failed to read page 3: failed to read page: EOF
[14:13:09 CST 2026/04/19] [ERRO] (enhanced_message_handler.go:github.com/zhukovaskychina/xmysql-server/server/dispatcher.(*EnhancedBusinessMessageHandler).HandleQueryWithRealSession:130)  SQL执行错误: execute storage-integrated INSERT failed: 更新索引失败: 生成主键字节失败: 未找到主键列或主键值
[14:13:09 CST 2026/04/19] [ERRO] (storage_integrated_dml_executor.go:github.com/zhukovaskychina/xmysql-server/server/innodb/engine.(*StorageIntegratedDMLExecutor).insertRowToStorage:448)  立即持久化页面失败: 获取页面失败: failed to read page from storage: failed to read page 3: failed to read page: EOF
[14:13:09 CST 2026/04/19] [ERRO] (enhanced_message_handler.go:github.com/zhukovaskychina/xmysql-server/server/dispatcher.(*EnhancedBusinessMessageHandler).HandleQueryWithRealSession:130)  SQL执行错误: execute storage-integrated INSERT failed: 更新索引失败: 生成主键字节失败: 未找到主键列或主键值
[14:13:09 CST 2026/04/19] [ERRO] (storage_integrated_dml_executor.go:github.com/zhukovaskychina/xmysql-server/server/innodb/engine.(*StorageIntegratedDMLExecutor).insertRowToStorage:448)  立即持久化页面失败: 获取页面失败: failed to read page from storage: failed to read page 3: failed to read page: EOF
[14:13:09 CST 2026/04/19] [ERRO] (enhanced_message_handler.go:github.com/zhukovaskychina/xmysql-server/server/dispatcher.(*EnhancedBusinessMessageHandler).HandleQueryWithRealSession:130)  SQL执行错误: execute storage-integrated INSERT failed: 更新索引失败: 生成主键字节失败: 未找到主键列或主键值
[14:13:09 CST 2026/04/19] [ERRO] (storage_integrated_dml_executor.go:github.com/zhukovaskychina/xmysql-server/server/innodb/engine.(*StorageIntegratedDMLExecutor).insertRowToStorage:448)  立即持久化页面失败: 获取页面失败: failed to read page from storage: failed to read page 3: failed to read page: EOF
[14:13:09 CST 2026/04/19] [ERRO] (enhanced_message_handler.go:github.com/zhukovaskychina/xmysql-server/server/dispatcher.(*EnhancedBusinessMessageHandler).HandleQueryWithRealSession:130)  SQL执行错误: execute storage-integrated INSERT failed: 更新索引失败: 生成主键字节失败: 未找到主键列或主键值
[14:13:09 CST 2026/04/19] [ERRO] (storage_integrated_dml_executor.go:github.com/zhukovaskychina/xmysql-server/server/innodb/engine.(*StorageIntegratedDMLExecutor).insertRowToStorage:448)  立即持久化页面失败: 获取页面失败: failed to read page from storage: failed to read page 3: failed to read page: EOF
[14:13:09 CST 2026/04/19] [ERRO] (enhanced_message_handler.go:github.com/zhukovaskychina/xmysql-server/server/dispatcher.(*EnhancedBusinessMessageHandler).HandleQueryWithRealSession:130)  SQL执行错误: execute storage-integrated INSERT failed: 更新索引失败: 生成主键字节失败: 未找到主键列或主键值
[14:13:09 CST 2026/04/19] [ERRO] (storage_integrated_dml_executor.go:github.com/zhukovaskychina/xmysql-server/server/innodb/engine.(*StorageIntegratedDMLExecutor).insertRowToStorage:448)  立即持久化页面失败: 获取页面失败: failed to read page from storage: failed to read page 3: failed to read page: EOF
[14:13:09 CST 2026/04/19] [ERRO] (enhanced_message_handler.go:github.com/zhukovaskychina/xmysql-server/server/dispatcher.(*EnhancedBusinessMessageHandler).HandleQueryWithRealSession:130)  SQL执行错误: execute storage-integrated INSERT failed: 更新索引失败: 生成主键字节失败: 未找到主键列或主键值
[14:13:09 CST 2026/04/19] [ERRO] (enhanced_message_handler.go:github.com/zhukovaskychina/xmysql-server/server/dispatcher.(*EnhancedBusinessMessageHandler).HandleQueryWithRealSession:130)  SQL执行错误: execute storage-integrated INSERT failed: 解析INSERT数据失败: 列数量不匹配: 期望 0，实际 2
[14:13:09 CST 2026/04/19] [ERRO] (enhanced_message_handler.go:github.com/zhukovaskychina/xmysql-server/server/dispatcher.(*EnhancedBusinessMessageHandler).HandleQueryWithRealSession:130)  SQL执行错误: execute storage-integrated INSERT failed: 解析INSERT数据失败: 列数量不匹配: 期望 0，实际 3
[14:13:09 CST 2026/04/19] [ERRO] (storage_integrated_dml_executor.go:github.com/zhukovaskychina/xmysql-server/server/innodb/engine.(*StorageIntegratedDMLExecutor).insertRowToStorage:448)  立即持久化页面失败: 获取页面失败: failed to read page from storage: failed to read page 3: failed to read page: EOF
[14:13:09 CST 2026/04/19] [ERRO] (enhanced_message_handler.go:github.com/zhukovaskychina/xmysql-server/server/dispatcher.(*EnhancedBusinessMessageHandler).HandleQueryWithRealSession:130)  SQL执行错误: execute storage-integrated INSERT failed: 更新索引失败: 生成主键字节失败: 未找到主键列或主键值
[14:13:09 CST 2026/04/19] [ERRO] (storage_integrated_dml_executor.go:github.com/zhukovaskychina/xmysql-server/server/innodb/engine.(*StorageIntegratedDMLExecutor).insertRowToStorage:448)  立即持久化页面失败: 获取页面失败: failed to read page from storage: failed to read page 3: failed to read page: EOF
[14:13:09 CST 2026/04/19] [ERRO] (enhanced_message_handler.go:github.com/zhukovaskychina/xmysql-server/server/dispatcher.(*EnhancedBusinessMessageHandler).HandleQueryWithRealSession:130)  SQL执行错误: execute storage-integrated INSERT failed: 更新索引失败: 生成主键字节失败: 未找到主键列或主键值
[14:13:09 CST 2026/04/19] [ERRO] (storage_integrated_dml_executor.go:github.com/zhukovaskychina/xmysql-server/server/innodb/engine.(*StorageIntegratedDMLExecutor).insertRowToStorage:448)  立即持久化页面失败: 获取页面失败: failed to read page from storage: failed to read page 3: failed to read page: EOF
[14:13:09 CST 2026/04/19] [ERRO] (enhanced_message_handler.go:github.com/zhukovaskychina/xmysql-server/server/dispatcher.(*EnhancedBusinessMessageHandler).HandleQueryWithRealSession:130)  SQL执行错误: execute storage-integrated INSERT failed: 更新索引失败: 生成主键字节失败: 未找到主键列或主键值
[14:13:09 CST 2026/04/19] [ERRO] (storage_integrated_dml_executor.go:github.com/zhukovaskychina/xmysql-server/server/innodb/engine.(*StorageIntegratedDMLExecutor).insertRowToStorage:448)  立即持久化页面失败: 获取页面失败: failed to read page from storage: failed to read page 3: failed to read page: EOF
[14:13:09 CST 2026/04/19] [ERRO] (enhanced_message_handler.go:github.com/zhukovaskychina/xmysql-server/server/dispatcher.(*EnhancedBusinessMessageHandler).HandleQueryWithRealSession:130)  SQL执行错误: execute storage-integrated INSERT failed: 更新索引失败: 生成主键字节失败: 未找到主键列或主键值
[14:13:09 CST 2026/04/19] [ERRO] (storage_integrated_dml_executor.go:github.com/zhukovaskychina/xmysql-server/server/innodb/engine.(*StorageIntegratedDMLExecutor).insertRowToStorage:448)  立即持久化页面失败: 获取页面失败: failed to read page from storage: failed to read page 3: failed to read page: EOF
[14:13:09 CST 2026/04/19] [ERRO] (enhanced_message_handler.go:github.com/zhukovaskychina/xmysql-server/server/dispatcher.(*EnhancedBusinessMessageHandler).HandleQueryWithRealSession:130)  SQL执行错误: execute storage-integrated INSERT failed: 更新索引失败: 生成主键字节失败: 未找到主键列或主键值
[14:13:09 CST 2026/04/19] [ERRO] (storage_integrated_dml_executor.go:github.com/zhukovaskychina/xmysql-server/server/innodb/engine.(*StorageIntegratedDMLExecutor).insertRowToStorage:448)  立即持久化页面失败: 获取页面失败: failed to read page from storage: failed to read page 3: failed to read page: EOF
[14:13:09 CST 2026/04/19] [ERRO] (enhanced_message_handler.go:github.com/zhukovaskychina/xmysql-server/server/dispatcher.(*EnhancedBusinessMessageHandler).HandleQueryWithRealSession:130)  SQL执行错误: execute storage-integrated INSERT failed: 更新索引失败: 生成主键字节失败: 未找到主键列或主键值
[14:13:09 CST 2026/04/19] [ERRO] (storage_integrated_dml_executor.go:github.com/zhukovaskychina/xmysql-server/server/innodb/engine.(*StorageIntegratedDMLExecutor).insertRowToStorage:448)  立即持久化页面失败: 获取页面失败: failed to read page from storage: failed to read page 3: failed to read page: EOF
[14:13:09 CST 2026/04/19] [ERRO] (enhanced_message_handler.go:github.com/zhukovaskychina/xmysql-server/server/dispatcher.(*EnhancedBusinessMessageHandler).HandleQueryWithRealSession:130)  SQL执行错误: execute storage-integrated INSERT failed: 更新索引失败: 生成主键字节失败: 未找到主键列或主键值
[14:13:09 CST 2026/04/19] [ERRO] (storage_integrated_dml_executor.go:github.com/zhukovaskychina/xmysql-server/server/innodb/engine.(*StorageIntegratedDMLExecutor).insertRowToStorage:448)  立即持久化页面失败: 获取页面失败: failed to read page from storage: failed to read page 3: failed to read page: EOF
[14:13:09 CST 2026/04/19] [ERRO] (enhanced_message_handler.go:github.com/zhukovaskychina/xmysql-server/server/dispatcher.(*EnhancedBusinessMessageHandler).HandleQueryWithRealSession:130)  SQL执行错误: execute storage-integrated INSERT failed: 更新索引失败: 生成主键字节失败: 未找到主键列或主键值
[14:13:09 CST 2026/04/19] [ERRO] (storage_integrated_dml_executor.go:github.com/zhukovaskychina/xmysql-server/server/innodb/engine.(*StorageIntegratedDMLExecutor).insertRowToStorage:448)  立即持久化页面失败: 获取页面失败: failed to read page from storage: failed to read page 3: failed to read page: EOF
[14:13:09 CST 2026/04/19] [ERRO] (enhanced_message_handler.go:github.com/zhukovaskychina/xmysql-server/server/dispatcher.(*EnhancedBusinessMessageHandler).HandleQueryWithRealSession:130)  SQL执行错误: execute storage-integrated INSERT failed: 更新索引失败: 生成主键字节失败: 未找到主键列或主键值
[14:13:09 CST 2026/04/19] [ERRO] (storage_integrated_dml_executor.go:github.com/zhukovaskychina/xmysql-server/server/innodb/engine.(*StorageIntegratedDMLExecutor).insertRowToStorage:448)  立即持久化页面失败: 获取页面失败: failed to read page from storage: failed to read page 3: failed to read page: EOF
[14:13:09 CST 2026/04/19] [ERRO] (enhanced_message_handler.go:github.com/zhukovaskychina/xmysql-server/server/dispatcher.(*EnhancedBusinessMessageHandler).HandleQueryWithRealSession:130)  SQL执行错误: execute storage-integrated INSERT failed: 更新索引失败: 生成主键字节失败: 未找到主键列或主键值
[14:13:09 CST 2026/04/19] [ERRO] (decoupled_handler.go:github.com/zhukovaskychina/xmysql-server/server/net.(*DecoupledMySQLMessageHandler).OnMessage:329) [OnMessage] [COM_QUIT: quit] SessionID=session session-closed, Read Bytes: 4246, Write Bytes: 3182, Read Pkgs: 33, Write Pkgs: 55, RemoteAddr=127.0.0.1:65009 - 找不到会话
[14:13:10 CST 2026/04/19] [ERRO] (decoupled_handler.go:github.com/zhukovaskychina/xmysql-server/server/net.(*DecoupledMySQLMessageHandler).OnMessage:329) [OnMessage] [COM_QUIT: quit] SessionID=session session-closed, Read Bytes: 1961, Write Bytes: 5386, Read Pkgs: 29, Write Pkgs: 174, RemoteAddr=127.0.0.1:65010 - 找不到会话
[14:13:10 CST 2026/04/19] [ERRO] (storage_integrated_dml_executor.go:github.com/zhukovaskychina/xmysql-server/server/innodb/engine.(*StorageIntegratedDMLExecutor).insertRowToStorage:448)  立即持久化页面失败: 获取页面失败: failed to read page from storage: failed to read page 3: failed to read page: EOF
[14:13:10 CST 2026/04/19] [ERRO] (enhanced_message_handler.go:github.com/zhukovaskychina/xmysql-server/server/dispatcher.(*EnhancedBusinessMessageHandler).HandleQueryWithRealSession:130)  SQL执行错误: execute storage-integrated INSERT failed: 更新索引失败: 生成主键字节失败: 未找到主键列或主键值
[14:13:10 CST 2026/04/19] [ERRO] (decoupled_handler.go:github.com/zhukovaskychina/xmysql-server/server/net.(*DecoupledMySQLMessageHandler).OnMessage:329) [OnMessage] [COM_QUIT: quit] SessionID=session session-closed, Read Bytes: 1856, Write Bytes: 1637, Read Pkgs: 12, Write Pkgs: 34, RemoteAddr=127.0.0.1:65011 - 找不到会话
[14:13:10 CST 2026/04/19] [ERRO] (storage_integrated_dml_executor.go:github.com/zhukovaskychina/xmysql-server/server/innodb/engine.(*StorageIntegratedDMLExecutor).insertRowToStorage:448)  立即持久化页面失败: 获取页面失败: failed to read page from storage: failed to read page 3: failed to read page: EOF
[14:13:10 CST 2026/04/19] [ERRO] (enhanced_message_handler.go:github.com/zhukovaskychina/xmysql-server/server/dispatcher.(*EnhancedBusinessMessageHandler).HandleQueryWithRealSession:130)  SQL执行错误: execute storage-integrated INSERT failed: 更新索引失败: 生成主键字节失败: 未找到主键列或主键值
[14:13:10 CST 2026/04/19] [ERRO] (decoupled_handler.go:github.com/zhukovaskychina/xmysql-server/server/net.(*DecoupledMySQLMessageHandler).OnMessage:329) [OnMessage] [COM_QUIT: quit] SessionID=session session-closed, Read Bytes: 1753, Write Bytes: 1609, Read Pkgs: 8, Write Pkgs: 30, RemoteAddr=127.0.0.1:65012 - 找不到会话
[14:13:10 CST 2026/04/19] [ERRO] (enhanced_message_handler.go:github.com/zhukovaskychina/xmysql-server/server/dispatcher.(*EnhancedBusinessMessageHandler).HandleQueryWithRealSession:130)  SQL执行错误: unsupported DDL action: truncate
[14:13:10 CST 2026/04/19] [ERRO] (enhanced_message_handler.go:github.com/zhukovaskychina/xmysql-server/server/dispatcher.(*EnhancedBusinessMessageHandler).HandleQueryWithRealSession:130)  SQL执行错误: unsupported DDL action: truncate
[14:13:10 CST 2026/04/19] [ERRO] (enhanced_message_handler.go:github.com/zhukovaskychina/xmysql-server/server/dispatcher.(*EnhancedBusinessMessageHandler).HandleQueryWithRealSession:130)  SQL执行错误: unsupported DDL action: truncate
[14:13:10 CST 2026/04/19] [ERRO] (enhanced_message_handler.go:github.com/zhukovaskychina/xmysql-server/server/dispatcher.(*EnhancedBusinessMessageHandler).HandleQueryWithRealSession:130)  SQL执行错误: unsupported DDL action: truncate
[14:13:10 CST 2026/04/19] [ERRO] (enhanced_message_handler.go:github.com/zhukovaskychina/xmysql-server/server/dispatcher.(*EnhancedBusinessMessageHandler).HandleQueryWithRealSession:130)  SQL执行错误: unsupported DDL action: truncate
[14:13:10 CST 2026/04/19] [ERRO] (enhanced_message_handler.go:github.com/zhukovaskychina/xmysql-server/server/dispatcher.(*EnhancedBusinessMessageHandler).HandleQueryWithRealSession:130)  SQL执行错误: unsupported DDL action: truncate
[14:13:10 CST 2026/04/19] [ERRO] (enhanced_message_handler.go:github.com/zhukovaskychina/xmysql-server/server/dispatcher.(*EnhancedBusinessMessageHandler).HandleQueryWithRealSession:130)  SQL执行错误: unsupported DDL action: truncate
[14:13:10 CST 2026/04/19] [ERRO] (enhanced_message_handler.go:github.com/zhukovaskychina/xmysql-server/server/dispatcher.(*EnhancedBusinessMessageHandler).HandleQueryWithRealSession:130)  SQL执行错误: unsupported DDL action: truncate
[14:13:10 CST 2026/04/19] [ERRO] (decoupled_handler.go:github.com/zhukovaskychina/xmysql-server/server/net.(*DecoupledMySQLMessageHandler).OnMessage:329) [OnMessage] [COM_QUIT: quit] SessionID=session session-closed, Read Bytes: 1610, Write Bytes: 1838, Read Pkgs: 15, Write Pkgs: 37, RemoteAddr=127.0.0.1:65013 - 找不到会话
[14:13:10 CST 2026/04/19] [ERRO] (decoupled_handler.go:github.com/zhukovaskychina/xmysql-server/server/net.(*DecoupledMySQLMessageHandler).OnMessage:329) [OnMessage] [COM_QUIT: quit] SessionID=session session-closed, Read Bytes: 1012, Write Bytes: 1434, Read Pkgs: 3, Write Pkgs: 25, RemoteAddr=127.0.0.1:65015 - 找不到会话
[14:13:10 CST 2026/04/19] [ERRO] (decoupled_handler.go:github.com/zhukovaskychina/xmysql-server/server/net.(*DecoupledMySQLMessageHandler).OnMessage:329) [OnMessage] [COM_QUIT: quit] SessionID=session session-closed, Read Bytes: 1012, Write Bytes: 1434, Read Pkgs: 3, Write Pkgs: 25, RemoteAddr=127.0.0.1:65016 - 找不到会话
[14:13:10 CST 2026/04/19] [ERRO] (decoupled_handler.go:github.com/zhukovaskychina/xmysql-server/server/net.(*DecoupledMySQLMessageHandler).OnMessage:329) [OnMessage] [COM_QUIT: quit] SessionID=session session-closed, Read Bytes: 1012, Write Bytes: 1434, Read Pkgs: 3, Write Pkgs: 25, RemoteAddr=127.0.0.1:65017 - 找不到会话
[14:13:10 CST 2026/04/19] [ERRO] (decoupled_handler.go:github.com/zhukovaskychina/xmysql-server/server/net.(*DecoupledMySQLMessageHandler).OnMessage:329) [OnMessage] [COM_QUIT: quit] SessionID=session session-closed, Read Bytes: 1018, Write Bytes: 1478, Read Pkgs: 3, Write Pkgs: 25, RemoteAddr=127.0.0.1:65019 - 找不到会话
[14:13:10 CST 2026/04/19] [ERRO] (decoupled_handler.go:github.com/zhukovaskychina/xmysql-server/server/net.(*DecoupledMySQLMessageHandler).OnMessage:329) [OnMessage] [COM_QUIT: quit] SessionID=session session-closed, Read Bytes: 1012, Write Bytes: 1434, Read Pkgs: 3, Write Pkgs: 25, RemoteAddr=127.0.0.1:65020 - 找不到会话
[14:13:10 CST 2026/04/19] [ERRO] (enhanced_message_handler.go:github.com/zhukovaskychina/xmysql-server/server/dispatcher.(*EnhancedBusinessMessageHandler).HandleQueryWithRealSession:130)  SQL执行错误: unsupported DDL action: truncate
[14:13:10 CST 2026/04/19] [ERRO] (enhanced_message_handler.go:github.com/zhukovaskychina/xmysql-server/server/dispatcher.(*EnhancedBusinessMessageHandler).HandleQueryWithRealSession:130)  SQL执行错误: unsupported DDL action: truncate
[14:13:10 CST 2026/04/19] [ERRO] (enhanced_message_handler.go:github.com/zhukovaskychina/xmysql-server/server/dispatcher.(*EnhancedBusinessMessageHandler).HandleQueryWithRealSession:130)  SQL执行错误: unsupported DDL action: truncate
[14:13:10 CST 2026/04/19] [ERRO] (enhanced_message_handler.go:github.com/zhukovaskychina/xmysql-server/server/dispatcher.(*EnhancedBusinessMessageHandler).HandleQueryWithRealSession:130)  SQL执行错误: unsupported DDL action: truncate
[14:13:10 CST 2026/04/19] [ERRO] (enhanced_message_handler.go:github.com/zhukovaskychina/xmysql-server/server/dispatcher.(*EnhancedBusinessMessageHandler).HandleQueryWithRealSession:130)  SQL执行错误: unsupported DDL action: truncate
[14:13:10 CST 2026/04/19] [ERRO] (enhanced_message_handler.go:github.com/zhukovaskychina/xmysql-server/server/dispatcher.(*EnhancedBusinessMessageHandler).HandleQueryWithRealSession:130)  SQL执行错误: unsupported DDL action: truncate
[14:13:10 CST 2026/04/19] [ERRO] (enhanced_message_handler.go:github.com/zhukovaskychina/xmysql-server/server/dispatcher.(*EnhancedBusinessMessageHandler).HandleQueryWithRealSession:130)  SQL执行错误: unsupported DDL action: truncate
[14:13:10 CST 2026/04/19] [ERRO] (enhanced_message_handler.go:github.com/zhukovaskychina/xmysql-server/server/dispatcher.(*EnhancedBusinessMessageHandler).HandleQueryWithRealSession:130)  SQL执行错误: unsupported DDL action: truncate
[14:13:10 CST 2026/04/19] [ERRO] (enhanced_message_handler.go:github.com/zhukovaskychina/xmysql-server/server/dispatcher.(*EnhancedBusinessMessageHandler).HandleQueryWithRealSession:130)  SQL执行错误: unsupported DDL action: truncate
[14:13:10 CST 2026/04/19] [ERRO] (enhanced_message_handler.go:github.com/zhukovaskychina/xmysql-server/server/dispatcher.(*EnhancedBusinessMessageHandler).HandleQueryWithRealSession:130)  SQL执行错误: unsupported DDL action: truncate
[14:13:10 CST 2026/04/19] [ERRO] (enhanced_message_handler.go:github.com/zhukovaskychina/xmysql-server/server/dispatcher.(*EnhancedBusinessMessageHandler).HandleQueryWithRealSession:130)  SQL执行错误: unsupported DDL action: truncate
[14:13:10 CST 2026/04/19] [ERRO] (enhanced_message_handler.go:github.com/zhukovaskychina/xmysql-server/server/dispatcher.(*EnhancedBusinessMessageHandler).HandleQueryWithRealSession:130)  SQL执行错误: unsupported DDL action: truncate
[14:13:10 CST 2026/04/19] [ERRO] (enhanced_message_handler.go:github.com/zhukovaskychina/xmysql-server/server/dispatcher.(*EnhancedBusinessMessageHandler).HandleQueryWithRealSession:130)  SQL执行错误: unsupported DDL action: truncate
[14:13:10 CST 2026/04/19] [ERRO] (decoupled_handler.go:github.com/zhukovaskychina/xmysql-server/server/net.(*DecoupledMySQLMessageHandler).OnMessage:329) [OnMessage] [COM_QUIT: quit] SessionID=session session-closed, Read Bytes: 1898, Write Bytes: 2074, Read Pkgs: 21, Write Pkgs: 43, RemoteAddr=127.0.0.1:65024 - 找不到会话
[14:15:10 CST 2026/04/19] [ERRO] (enhanced_message_handler.go:github.com/zhukovaskychina/xmysql-server/server/dispatcher.(*EnhancedBusinessMessageHandler).HandleQueryWithRealSession:130)  SQL执行错误: database 'test_ddl_db_5' does not exist
[14:15:10 CST 2026/04/19] [ERRO] (enhanced_message_handler.go:github.com/zhukovaskychina/xmysql-server/server/dispatcher.(*EnhancedBusinessMessageHandler).HandleQueryWithRealSession:130)  SQL执行错误: database 'test_ddl_db_1' does not exist
[14:15:10 CST 2026/04/19] [ERRO] (enhanced_message_handler.go:github.com/zhukovaskychina/xmysql-server/server/dispatcher.(*EnhancedBusinessMessageHandler).HandleQueryWithRealSession:130)  SQL执行错误: database 'test_ddl_db_1' does not exist
[14:15:10 CST 2026/04/19] [ERRO] (enhanced_message_handler.go:github.com/zhukovaskychina/xmysql-server/server/dispatcher.(*EnhancedBusinessMessageHandler).HandleQueryWithRealSession:130)  SQL执行错误: database 'test_ddl_db_1' does not exist
[14:15:10 CST 2026/04/19] [ERRO] (enhanced_message_handler.go:github.com/zhukovaskychina/xmysql-server/server/dispatcher.(*EnhancedBusinessMessageHandler).HandleQueryWithRealSession:130)  SQL执行错误: database 'test_ddl_db_5' does not exist
[14:15:10 CST 2026/04/19] [ERRO] (enhanced_message_handler.go:github.com/zhukovaskychina/xmysql-server/server/dispatcher.(*EnhancedBusinessMessageHandler).HandleQueryWithRealSession:130)  SQL执行错误: database 'test_ddl_db_1' does not exist
[14:15:10 CST 2026/04/19] [ERRO] (enhanced_message_handler.go:github.com/zhukovaskychina/xmysql-server/server/dispatcher.(*EnhancedBusinessMessageHandler).HandleQueryWithRealSession:130)  SQL执行错误: table 'test_table_basic' already exists
[14:15:10 CST 2026/04/19] [ERRO] (enhanced_message_handler.go:github.com/zhukovaskychina/xmysql-server/server/dispatcher.(*EnhancedBusinessMessageHandler).HandleQueryWithRealSession:130)  SQL执行错误: database 'test_ddl_db_1' does not exist
[14:15:10 CST 2026/04/19] [ERRO] (enhanced_message_handler.go:github.com/zhukovaskychina/xmysql-server/server/dispatcher.(*EnhancedBusinessMessageHandler).HandleQueryWithRealSession:130)  SQL执行错误: table 'test_table_indexed' already exists
[14:15:10 CST 2026/04/19] [ERRO] (enhanced_message_handler.go:github.com/zhukovaskychina/xmysql-server/server/dispatcher.(*EnhancedBusinessMessageHandler).HandleQueryWithRealSession:130)  SQL执行错误: database 'test_ddl_db_1' does not exist
[14:15:10 CST 2026/04/19] [ERRO] (enhanced_message_handler.go:github.com/zhukovaskychina/xmysql-server/server/dispatcher.(*EnhancedBusinessMessageHandler).HandleQueryWithRealSession:130)  SQL执行错误: table 'users' already exists
[14:15:10 CST 2026/04/19] [ERRO] (enhanced_message_handler.go:github.com/zhukovaskychina/xmysql-server/server/dispatcher.(*EnhancedBusinessMessageHandler).HandleQueryWithRealSession:130)  SQL执行错误: database 'test_ddl_db_1' does not exist
[14:15:10 CST 2026/04/19] [ERRO] (enhanced_message_handler.go:github.com/zhukovaskychina/xmysql-server/server/dispatcher.(*EnhancedBusinessMessageHandler).HandleQueryWithRealSession:130)  SQL执行错误: table 'test_table_drop' already exists
[14:15:10 CST 2026/04/19] [ERRO] (enhanced_message_handler.go:github.com/zhukovaskychina/xmysql-server/server/dispatcher.(*EnhancedBusinessMessageHandler).HandleQueryWithRealSession:130)  SQL执行错误: database 'test_ddl_db_1' does not exist
[14:15:10 CST 2026/04/19] [ERRO] (enhanced_message_handler.go:github.com/zhukovaskychina/xmysql-server/server/dispatcher.(*EnhancedBusinessMessageHandler).HandleQueryWithRealSession:130)  SQL执行错误: table 'test_table_alter' already exists
[14:15:10 CST 2026/04/19] [ERRO] (enhanced_message_handler.go:github.com/zhukovaskychina/xmysql-server/server/dispatcher.(*EnhancedBusinessMessageHandler).HandleQueryWithRealSession:130)  SQL执行错误: database 'test_ddl_db_1' does not exist
[14:15:10 CST 2026/04/19] [ERRO] (enhanced_message_handler.go:github.com/zhukovaskychina/xmysql-server/server/dispatcher.(*EnhancedBusinessMessageHandler).HandleQueryWithRealSession:130)  SQL执行错误: table 'test_table_truncate' already exists
[14:15:10 CST 2026/04/19] [ERRO] (enhanced_message_handler.go:github.com/zhukovaskychina/xmysql-server/server/dispatcher.(*EnhancedBusinessMessageHandler).HandleQueryWithRealSession:130)  SQL执行错误: database 'test_ddl_db_1' does not exist
[14:15:10 CST 2026/04/19] [ERRO] (enhanced_message_handler.go:github.com/zhukovaskychina/xmysql-server/server/dispatcher.(*EnhancedBusinessMessageHandler).HandleQueryWithRealSession:130)  SQL执行错误: database 'test_ddl_db_charset_utf8' already exists
[14:15:10 CST 2026/04/19] [ERRO] (enhanced_message_handler.go:github.com/zhukovaskychina/xmysql-server/server/dispatcher.(*EnhancedBusinessMessageHandler).HandleQueryWithRealSession:130)  SQL执行错误: database 'test_ddl_db_1' does not exist
[14:15:10 CST 2026/04/19] [ERRO] (enhanced_message_handler.go:github.com/zhukovaskychina/xmysql-server/server/dispatcher.(*EnhancedBusinessMessageHandler).HandleQueryWithRealSession:130)  SQL执行错误: database 'test_ddl_db_charset_utf8mb4' already exists
[14:15:10 CST 2026/04/19] [ERRO] (enhanced_message_handler.go:github.com/zhukovaskychina/xmysql-server/server/dispatcher.(*EnhancedBusinessMessageHandler).HandleQueryWithRealSession:130)  SQL执行错误: database 'test_ddl_db_1' does not exist
[14:15:10 CST 2026/04/19] [ERRO] (enhanced_message_handler.go:github.com/zhukovaskychina/xmysql-server/server/dispatcher.(*EnhancedBusinessMessageHandler).HandleQueryWithRealSession:130)  SQL执行错误: database 'test_ddl_db_charset_latin1' already exists
[14:15:10 CST 2026/04/19] [ERRO] (enhanced_message_handler.go:github.com/zhukovaskychina/xmysql-server/server/dispatcher.(*EnhancedBusinessMessageHandler).HandleQueryWithRealSession:130)  SQL执行错误: database 'test_ddl_db_1' does not exist
[14:15:10 CST 2026/04/19] [ERRO] (enhanced_message_handler.go:github.com/zhukovaskychina/xmysql-server/server/dispatcher.(*EnhancedBusinessMessageHandler).HandleQueryWithRealSession:130)  SQL执行错误: unsupported DDL action: truncate
[14:15:10 CST 2026/04/19] [ERRO] (enhanced_message_handler.go:github.com/zhukovaskychina/xmysql-server/server/dispatcher.(*EnhancedBusinessMessageHandler).HandleQueryWithRealSession:130)  SQL执行错误: unsupported DDL action: truncate
[14:15:10 CST 2026/04/19] [ERRO] (enhanced_message_handler.go:github.com/zhukovaskychina/xmysql-server/server/dispatcher.(*EnhancedBusinessMessageHandler).HandleQueryWithRealSession:130)  SQL执行错误: unsupported DDL action: truncate
[14:15:10 CST 2026/04/19] [ERRO] (enhanced_message_handler.go:github.com/zhukovaskychina/xmysql-server/server/dispatcher.(*EnhancedBusinessMessageHandler).HandleQueryWithRealSession:130)  SQL执行错误: unsupported DDL action: truncate
[14:15:10 CST 2026/04/19] [ERRO] (enhanced_message_handler.go:github.com/zhukovaskychina/xmysql-server/server/dispatcher.(*EnhancedBusinessMessageHandler).HandleQueryWithRealSession:130)  SQL执行错误: unsupported DDL action: truncate
[14:15:10 CST 2026/04/19] [ERRO] (enhanced_message_handler.go:github.com/zhukovaskychina/xmysql-server/server/dispatcher.(*EnhancedBusinessMessageHandler).HandleQueryWithRealSession:130)  SQL执行错误: unsupported DDL action: truncate
[14:15:10 CST 2026/04/19] [ERRO] (enhanced_message_handler.go:github.com/zhukovaskychina/xmysql-server/server/dispatcher.(*EnhancedBusinessMessageHandler).HandleQueryWithRealSession:130)  SQL执行错误: unsupported DDL action: truncate
[14:15:11 CST 2026/04/19] [ERRO] (enhanced_message_handler.go:github.com/zhukovaskychina/xmysql-server/server/dispatcher.(*EnhancedBusinessMessageHandler).HandleQueryWithRealSession:130)  SQL执行错误: unsupported DDL action: truncate
[14:15:11 CST 2026/04/19] [ERRO] (enhanced_message_handler.go:github.com/zhukovaskychina/xmysql-server/server/dispatcher.(*EnhancedBusinessMessageHandler).HandleQueryWithRealSession:130)  SQL执行错误: unsupported DDL action: truncate
[14:15:11 CST 2026/04/19] [ERRO] (enhanced_message_handler.go:github.com/zhukovaskychina/xmysql-server/server/dispatcher.(*EnhancedBusinessMessageHandler).HandleQueryWithRealSession:130)  SQL执行错误: unsupported DDL action: truncate
[14:15:11 CST 2026/04/19] [ERRO] (enhanced_message_handler.go:github.com/zhukovaskychina/xmysql-server/server/dispatcher.(*EnhancedBusinessMessageHandler).HandleQueryWithRealSession:130)  SQL执行错误: unsupported DDL action: truncate
[14:15:11 CST 2026/04/19] [ERRO] (enhanced_message_handler.go:github.com/zhukovaskychina/xmysql-server/server/dispatcher.(*EnhancedBusinessMessageHandler).HandleQueryWithRealSession:130)  SQL执行错误: unsupported DDL action: truncate
[14:15:11 CST 2026/04/19] [ERRO] (decoupled_handler.go:github.com/zhukovaskychina/xmysql-server/server/net.(*DecoupledMySQLMessageHandler).OnMessage:329) [OnMessage] [COM_QUIT: quit] SessionID=session session-closed, Read Bytes: 1678, Write Bytes: 2018, Read Pkgs: 19, Write Pkgs: 41, RemoteAddr=127.0.0.1:49251 - 找不到会话
[14:15:11 CST 2026/04/19] [ERRO] (enhanced_message_handler.go:github.com/zhukovaskychina/xmysql-server/server/dispatcher.(*EnhancedBusinessMessageHandler).HandleQueryWithRealSession:130)  SQL执行错误: unsupported DDL action: truncate
[14:15:11 CST 2026/04/19] [ERRO] (enhanced_message_handler.go:github.com/zhukovaskychina/xmysql-server/server/dispatcher.(*EnhancedBusinessMessageHandler).HandleQueryWithRealSession:130)  SQL执行错误: unsupported DDL action: truncate
[14:15:11 CST 2026/04/19] [ERRO] (enhanced_message_handler.go:github.com/zhukovaskychina/xmysql-server/server/dispatcher.(*EnhancedBusinessMessageHandler).HandleQueryWithRealSession:130)  SQL执行错误: unsupported DDL action: truncate
[14:15:11 CST 2026/04/19] [ERRO] (enhanced_message_handler.go:github.com/zhukovaskychina/xmysql-server/server/dispatcher.(*EnhancedBusinessMessageHandler).HandleQueryWithRealSession:130)  SQL执行错误: unsupported DDL action: truncate
[14:15:11 CST 2026/04/19] [ERRO] (enhanced_message_handler.go:github.com/zhukovaskychina/xmysql-server/server/dispatcher.(*EnhancedBusinessMessageHandler).HandleQueryWithRealSession:130)  SQL执行错误: unsupported DDL action: truncate
[14:15:11 CST 2026/04/19] [ERRO] (enhanced_message_handler.go:github.com/zhukovaskychina/xmysql-server/server/dispatcher.(*EnhancedBusinessMessageHandler).HandleQueryWithRealSession:130)  SQL执行错误: unsupported DDL action: truncate
[14:15:11 CST 2026/04/19] [ERRO] (enhanced_message_handler.go:github.com/zhukovaskychina/xmysql-server/server/dispatcher.(*EnhancedBusinessMessageHandler).HandleQueryWithRealSession:130)  SQL执行错误: unsupported DDL action: truncate
[14:15:11 CST 2026/04/19] [ERRO] (enhanced_message_handler.go:github.com/zhukovaskychina/xmysql-server/server/dispatcher.(*EnhancedBusinessMessageHandler).HandleQueryWithRealSession:130)  SQL执行错误: unsupported DDL action: truncate
[14:15:11 CST 2026/04/19] [ERRO] (storage_integrated_dml_executor.go:github.com/zhukovaskychina/xmysql-server/server/innodb/engine.(*StorageIntegratedDMLExecutor).insertRowToStorage:448)  立即持久化页面失败: 获取页面失败: failed to read page from storage: failed to read page 3: failed to read page: EOF
[14:15:11 CST 2026/04/19] [ERRO] (enhanced_message_handler.go:github.com/zhukovaskychina/xmysql-server/server/dispatcher.(*EnhancedBusinessMessageHandler).HandleQueryWithRealSession:130)  SQL执行错误: execute storage-integrated INSERT failed: 更新索引失败: 生成主键字节失败: 未找到主键列或主键值
[14:15:11 CST 2026/04/19] [ERRO] (storage_integrated_dml_executor.go:github.com/zhukovaskychina/xmysql-server/server/innodb/engine.(*StorageIntegratedDMLExecutor).insertRowToStorage:448)  立即持久化页面失败: 获取页面失败: failed to read page from storage: failed to read page 3: failed to read page: EOF
[14:15:11 CST 2026/04/19] [ERRO] (enhanced_message_handler.go:github.com/zhukovaskychina/xmysql-server/server/dispatcher.(*EnhancedBusinessMessageHandler).HandleQueryWithRealSession:130)  SQL执行错误: execute storage-integrated INSERT failed: 更新索引失败: 生成主键字节失败: 未找到主键列或主键值
[14:15:11 CST 2026/04/19] [ERRO] (storage_integrated_dml_executor.go:github.com/zhukovaskychina/xmysql-server/server/innodb/engine.(*StorageIntegratedDMLExecutor).insertRowToStorage:448)  立即持久化页面失败: 获取页面失败: failed to read page from storage: failed to read page 3: failed to read page: EOF
[14:15:11 CST 2026/04/19] [ERRO] (enhanced_message_handler.go:github.com/zhukovaskychina/xmysql-server/server/dispatcher.(*EnhancedBusinessMessageHandler).HandleQueryWithRealSession:130)  SQL执行错误: execute storage-integrated INSERT failed: 更新索引失败: 生成主键字节失败: 未找到主键列或主键值
[14:15:11 CST 2026/04/19] [ERRO] (storage_integrated_dml_executor.go:github.com/zhukovaskychina/xmysql-server/server/innodb/engine.(*StorageIntegratedDMLExecutor).insertRowToStorage:448)  立即持久化页面失败: 获取页面失败: failed to read page from storage: failed to read page 3: failed to read page: EOF
[14:15:11 CST 2026/04/19] [ERRO] (enhanced_message_handler.go:github.com/zhukovaskychina/xmysql-server/server/dispatcher.(*EnhancedBusinessMessageHandler).HandleQueryWithRealSession:130)  SQL执行错误: execute storage-integrated INSERT failed: 更新索引失败: 生成主键字节失败: 未找到主键列或主键值
[14:15:11 CST 2026/04/19] [ERRO] (storage_integrated_dml_executor.go:github.com/zhukovaskychina/xmysql-server/server/innodb/engine.(*StorageIntegratedDMLExecutor).insertRowToStorage:448)  立即持久化页面失败: 获取页面失败: failed to read page from storage: failed to read page 3: failed to read page: EOF
[14:15:11 CST 2026/04/19] [ERRO] (enhanced_message_handler.go:github.com/zhukovaskychina/xmysql-server/server/dispatcher.(*EnhancedBusinessMessageHandler).HandleQueryWithRealSession:130)  SQL执行错误: execute storage-integrated INSERT failed: 更新索引失败: 生成主键字节失败: 未找到主键列或主键值
[14:15:11 CST 2026/04/19] [ERRO] (storage_integrated_dml_executor.go:github.com/zhukovaskychina/xmysql-server/server/innodb/engine.(*StorageIntegratedDMLExecutor).insertRowToStorage:448)  立即持久化页面失败: 获取页面失败: failed to read page from storage: failed to read page 3: failed to read page: EOF
[14:15:11 CST 2026/04/19] [ERRO] (enhanced_message_handler.go:github.com/zhukovaskychina/xmysql-server/server/dispatcher.(*EnhancedBusinessMessageHandler).HandleQueryWithRealSession:130)  SQL执行错误: execute storage-integrated INSERT failed: 更新索引失败: 生成主键字节失败: 未找到主键列或主键值
[14:15:11 CST 2026/04/19] [ERRO] (storage_integrated_dml_executor.go:github.com/zhukovaskychina/xmysql-server/server/innodb/engine.(*StorageIntegratedDMLExecutor).insertRowToStorage:448)  立即持久化页面失败: 获取页面失败: failed to read page from storage: failed to read page 3: failed to read page: EOF
[14:15:11 CST 2026/04/19] [ERRO] (enhanced_message_handler.go:github.com/zhukovaskychina/xmysql-server/server/dispatcher.(*EnhancedBusinessMessageHandler).HandleQueryWithRealSession:130)  SQL执行错误: execute storage-integrated INSERT failed: 更新索引失败: 生成主键字节失败: 未找到主键列或主键值
[14:15:11 CST 2026/04/19] [ERRO] (storage_integrated_dml_executor.go:github.com/zhukovaskychina/xmysql-server/server/innodb/engine.(*StorageIntegratedDMLExecutor).insertRowToStorage:448)  立即持久化页面失败: 获取页面失败: failed to read page from storage: failed to read page 3: failed to read page: EOF
[14:15:11 CST 2026/04/19] [ERRO] (enhanced_message_handler.go:github.com/zhukovaskychina/xmysql-server/server/dispatcher.(*EnhancedBusinessMessageHandler).HandleQueryWithRealSession:130)  SQL执行错误: execute storage-integrated INSERT failed: 更新索引失败: 生成主键字节失败: 未找到主键列或主键值
[14:15:11 CST 2026/04/19] [ERRO] (storage_integrated_dml_executor.go:github.com/zhukovaskychina/xmysql-server/server/innodb/engine.(*StorageIntegratedDMLExecutor).insertRowToStorage:448)  立即持久化页面失败: 获取页面失败: failed to read page from storage: failed to read page 3: failed to read page: EOF
[14:15:11 CST 2026/04/19] [ERRO] (enhanced_message_handler.go:github.com/zhukovaskychina/xmysql-server/server/dispatcher.(*EnhancedBusinessMessageHandler).HandleQueryWithRealSession:130)  SQL执行错误: execute storage-integrated INSERT failed: 更新索引失败: 生成主键字节失败: 未找到主键列或主键值
[14:15:11 CST 2026/04/19] [ERRO] (storage_integrated_dml_executor.go:github.com/zhukovaskychina/xmysql-server/server/innodb/engine.(*StorageIntegratedDMLExecutor).insertRowToStorage:448)  立即持久化页面失败: 获取页面失败: failed to read page from storage: failed to read page 3: failed to read page: EOF
[14:15:11 CST 2026/04/19] [ERRO] (enhanced_message_handler.go:github.com/zhukovaskychina/xmysql-server/server/dispatcher.(*EnhancedBusinessMessageHandler).HandleQueryWithRealSession:130)  SQL执行错误: execute storage-integrated INSERT failed: 更新索引失败: 生成主键字节失败: 未找到主键列或主键值
[14:15:11 CST 2026/04/19] [ERRO] (storage_integrated_dml_executor.go:github.com/zhukovaskychina/xmysql-server/server/innodb/engine.(*StorageIntegratedDMLExecutor).insertRowToStorage:448)  立即持久化页面失败: 获取页面失败: failed to read page from storage: failed to read page 3: failed to read page: EOF
[14:15:11 CST 2026/04/19] [ERRO] (enhanced_message_handler.go:github.com/zhukovaskychina/xmysql-server/server/dispatcher.(*EnhancedBusinessMessageHandler).HandleQueryWithRealSession:130)  SQL执行错误: execute storage-integrated INSERT failed: 更新索引失败: 生成主键字节失败: 未找到主键列或主键值
[14:15:11 CST 2026/04/19] [ERRO] (enhanced_message_handler.go:github.com/zhukovaskychina/xmysql-server/server/dispatcher.(*EnhancedBusinessMessageHandler).HandleQueryWithRealSession:130)  SQL执行错误: execute storage-integrated INSERT failed: 解析INSERT数据失败: 列数量不匹配: 期望 0，实际 2
[14:15:11 CST 2026/04/19] [ERRO] (enhanced_message_handler.go:github.com/zhukovaskychina/xmysql-server/server/dispatcher.(*EnhancedBusinessMessageHandler).HandleQueryWithRealSession:130)  SQL执行错误: execute storage-integrated INSERT failed: 解析INSERT数据失败: 列数量不匹配: 期望 0，实际 3
[14:15:11 CST 2026/04/19] [ERRO] (storage_integrated_dml_executor.go:github.com/zhukovaskychina/xmysql-server/server/innodb/engine.(*StorageIntegratedDMLExecutor).insertRowToStorage:448)  立即持久化页面失败: 获取页面失败: failed to read page from storage: failed to read page 3: failed to read page: EOF
[14:15:11 CST 2026/04/19] [ERRO] (enhanced_message_handler.go:github.com/zhukovaskychina/xmysql-server/server/dispatcher.(*EnhancedBusinessMessageHandler).HandleQueryWithRealSession:130)  SQL执行错误: execute storage-integrated INSERT failed: 更新索引失败: 生成主键字节失败: 未找到主键列或主键值
[14:15:11 CST 2026/04/19] [ERRO] (storage_integrated_dml_executor.go:github.com/zhukovaskychina/xmysql-server/server/innodb/engine.(*StorageIntegratedDMLExecutor).insertRowToStorage:448)  立即持久化页面失败: 获取页面失败: failed to read page from storage: failed to read page 3: failed to read page: EOF
[14:15:11 CST 2026/04/19] [ERRO] (enhanced_message_handler.go:github.com/zhukovaskychina/xmysql-server/server/dispatcher.(*EnhancedBusinessMessageHandler).HandleQueryWithRealSession:130)  SQL执行错误: execute storage-integrated INSERT failed: 更新索引失败: 生成主键字节失败: 未找到主键列或主键值
[14:15:11 CST 2026/04/19] [ERRO] (storage_integrated_dml_executor.go:github.com/zhukovaskychina/xmysql-server/server/innodb/engine.(*StorageIntegratedDMLExecutor).insertRowToStorage:448)  立即持久化页面失败: 获取页面失败: failed to read page from storage: failed to read page 3: failed to read page: EOF
[14:15:11 CST 2026/04/19] [ERRO] (enhanced_message_handler.go:github.com/zhukovaskychina/xmysql-server/server/dispatcher.(*EnhancedBusinessMessageHandler).HandleQueryWithRealSession:130)  SQL执行错误: execute storage-integrated INSERT failed: 更新索引失败: 生成主键字节失败: 未找到主键列或主键值
[14:15:11 CST 2026/04/19] [ERRO] (storage_integrated_dml_executor.go:github.com/zhukovaskychina/xmysql-server/server/innodb/engine.(*StorageIntegratedDMLExecutor).insertRowToStorage:448)  立即持久化页面失败: 获取页面失败: failed to read page from storage: failed to read page 3: failed to read page: EOF
[14:15:11 CST 2026/04/19] [ERRO] (enhanced_message_handler.go:github.com/zhukovaskychina/xmysql-server/server/dispatcher.(*EnhancedBusinessMessageHandler).HandleQueryWithRealSession:130)  SQL执行错误: execute storage-integrated INSERT failed: 更新索引失败: 生成主键字节失败: 未找到主键列或主键值
[14:15:11 CST 2026/04/19] [ERRO] (storage_integrated_dml_executor.go:github.com/zhukovaskychina/xmysql-server/server/innodb/engine.(*StorageIntegratedDMLExecutor).insertRowToStorage:448)  立即持久化页面失败: 获取页面失败: failed to read page from storage: failed to read page 3: failed to read page: EOF
[14:15:11 CST 2026/04/19] [ERRO] (enhanced_message_handler.go:github.com/zhukovaskychina/xmysql-server/server/dispatcher.(*EnhancedBusinessMessageHandler).HandleQueryWithRealSession:130)  SQL执行错误: execute storage-integrated INSERT failed: 更新索引失败: 生成主键字节失败: 未找到主键列或主键值
[14:15:11 CST 2026/04/19] [ERRO] (storage_integrated_dml_executor.go:github.com/zhukovaskychina/xmysql-server/server/innodb/engine.(*StorageIntegratedDMLExecutor).insertRowToStorage:448)  立即持久化页面失败: 获取页面失败: failed to read page from storage: failed to read page 3: failed to read page: EOF
[14:15:11 CST 2026/04/19] [ERRO] (enhanced_message_handler.go:github.com/zhukovaskychina/xmysql-server/server/dispatcher.(*EnhancedBusinessMessageHandler).HandleQueryWithRealSession:130)  SQL执行错误: execute storage-integrated INSERT failed: 更新索引失败: 生成主键字节失败: 未找到主键列或主键值
[14:15:11 CST 2026/04/19] [ERRO] (storage_integrated_dml_executor.go:github.com/zhukovaskychina/xmysql-server/server/innodb/engine.(*StorageIntegratedDMLExecutor).insertRowToStorage:448)  立即持久化页面失败: 获取页面失败: failed to read page from storage: failed to read page 3: failed to read page: EOF
[14:15:11 CST 2026/04/19] [ERRO] (enhanced_message_handler.go:github.com/zhukovaskychina/xmysql-server/server/dispatcher.(*EnhancedBusinessMessageHandler).HandleQueryWithRealSession:130)  SQL执行错误: execute storage-integrated INSERT failed: 更新索引失败: 生成主键字节失败: 未找到主键列或主键值
[14:15:11 CST 2026/04/19] [ERRO] (storage_integrated_dml_executor.go:github.com/zhukovaskychina/xmysql-server/server/innodb/engine.(*StorageIntegratedDMLExecutor).insertRowToStorage:448)  立即持久化页面失败: 获取页面失败: failed to read page from storage: failed to read page 3: failed to read page: EOF
[14:15:11 CST 2026/04/19] [ERRO] (enhanced_message_handler.go:github.com/zhukovaskychina/xmysql-server/server/dispatcher.(*EnhancedBusinessMessageHandler).HandleQueryWithRealSession:130)  SQL执行错误: execute storage-integrated INSERT failed: 更新索引失败: 生成主键字节失败: 未找到主键列或主键值
[14:15:11 CST 2026/04/19] [ERRO] (storage_integrated_dml_executor.go:github.com/zhukovaskychina/xmysql-server/server/innodb/engine.(*StorageIntegratedDMLExecutor).insertRowToStorage:448)  立即持久化页面失败: 获取页面失败: failed to read page from storage: failed to read page 3: failed to read page: EOF
[14:15:11 CST 2026/04/19] [ERRO] (enhanced_message_handler.go:github.com/zhukovaskychina/xmysql-server/server/dispatcher.(*EnhancedBusinessMessageHandler).HandleQueryWithRealSession:130)  SQL执行错误: execute storage-integrated INSERT failed: 更新索引失败: 生成主键字节失败: 未找到主键列或主键值
[14:15:11 CST 2026/04/19] [ERRO] (storage_integrated_dml_executor.go:github.com/zhukovaskychina/xmysql-server/server/innodb/engine.(*StorageIntegratedDMLExecutor).insertRowToStorage:448)  立即持久化页面失败: 获取页面失败: failed to read page from storage: failed to read page 3: failed to read page: EOF
[14:15:11 CST 2026/04/19] [ERRO] (enhanced_message_handler.go:github.com/zhukovaskychina/xmysql-server/server/dispatcher.(*EnhancedBusinessMessageHandler).HandleQueryWithRealSession:130)  SQL执行错误: execute storage-integrated INSERT failed: 更新索引失败: 生成主键字节失败: 未找到主键列或主键值
[14:15:11 CST 2026/04/19] [ERRO] (decoupled_handler.go:github.com/zhukovaskychina/xmysql-server/server/net.(*DecoupledMySQLMessageHandler).OnMessage:329) [OnMessage] [COM_QUIT: quit] SessionID=session session-closed, Read Bytes: 4246, Write Bytes: 3182, Read Pkgs: 33, Write Pkgs: 55, RemoteAddr=127.0.0.1:49256 - 找不到会话
[14:15:11 CST 2026/04/19] [ERRO] (decoupled_handler.go:github.com/zhukovaskychina/xmysql-server/server/net.(*DecoupledMySQLMessageHandler).OnMessage:329) [OnMessage] [COM_QUIT: quit] SessionID=session session-closed, Read Bytes: 1961, Write Bytes: 5386, Read Pkgs: 29, Write Pkgs: 174, RemoteAddr=127.0.0.1:49257 - 找不到会话
[14:15:11 CST 2026/04/19] [ERRO] (storage_integrated_dml_executor.go:github.com/zhukovaskychina/xmysql-server/server/innodb/engine.(*StorageIntegratedDMLExecutor).insertRowToStorage:448)  立即持久化页面失败: 获取页面失败: failed to read page from storage: failed to read page 3: failed to read page: EOF
[14:15:11 CST 2026/04/19] [ERRO] (enhanced_message_handler.go:github.com/zhukovaskychina/xmysql-server/server/dispatcher.(*EnhancedBusinessMessageHandler).HandleQueryWithRealSession:130)  SQL执行错误: execute storage-integrated INSERT failed: 更新索引失败: 生成主键字节失败: 未找到主键列或主键值
[14:15:11 CST 2026/04/19] [ERRO] (decoupled_handler.go:github.com/zhukovaskychina/xmysql-server/server/net.(*DecoupledMySQLMessageHandler).OnMessage:329) [OnMessage] [COM_QUIT: quit] SessionID=session session-closed, Read Bytes: 1856, Write Bytes: 1637, Read Pkgs: 12, Write Pkgs: 34, RemoteAddr=127.0.0.1:49258 - 找不到会话
[14:15:11 CST 2026/04/19] [ERRO] (storage_integrated_dml_executor.go:github.com/zhukovaskychina/xmysql-server/server/innodb/engine.(*StorageIntegratedDMLExecutor).insertRowToStorage:448)  立即持久化页面失败: 获取页面失败: failed to read page from storage: failed to read page 3: failed to read page: EOF
[14:15:11 CST 2026/04/19] [ERRO] (enhanced_message_handler.go:github.com/zhukovaskychina/xmysql-server/server/dispatcher.(*EnhancedBusinessMessageHandler).HandleQueryWithRealSession:130)  SQL执行错误: execute storage-integrated INSERT failed: 更新索引失败: 生成主键字节失败: 未找到主键列或主键值
[14:15:11 CST 2026/04/19] [ERRO] (enhanced_message_handler.go:github.com/zhukovaskychina/xmysql-server/server/dispatcher.(*EnhancedBusinessMessageHandler).HandleQueryWithRealSession:130)  SQL执行错误: unsupported DDL action: truncate
[14:15:11 CST 2026/04/19] [ERRO] (enhanced_message_handler.go:github.com/zhukovaskychina/xmysql-server/server/dispatcher.(*EnhancedBusinessMessageHandler).HandleQueryWithRealSession:130)  SQL执行错误: unsupported DDL action: truncate
[14:15:11 CST 2026/04/19] [ERRO] (enhanced_message_handler.go:github.com/zhukovaskychina/xmysql-server/server/dispatcher.(*EnhancedBusinessMessageHandler).HandleQueryWithRealSession:130)  SQL执行错误: unsupported DDL action: truncate
[14:15:11 CST 2026/04/19] [ERRO] (enhanced_message_handler.go:github.com/zhukovaskychina/xmysql-server/server/dispatcher.(*EnhancedBusinessMessageHandler).HandleQueryWithRealSession:130)  SQL执行错误: unsupported DDL action: truncate
[14:15:11 CST 2026/04/19] [ERRO] (enhanced_message_handler.go:github.com/zhukovaskychina/xmysql-server/server/dispatcher.(*EnhancedBusinessMessageHandler).HandleQueryWithRealSession:130)  SQL执行错误: unsupported DDL action: truncate
[14:15:11 CST 2026/04/19] [ERRO] (enhanced_message_handler.go:github.com/zhukovaskychina/xmysql-server/server/dispatcher.(*EnhancedBusinessMessageHandler).HandleQueryWithRealSession:130)  SQL执行错误: unsupported DDL action: truncate
[14:15:11 CST 2026/04/19] [ERRO] (enhanced_message_handler.go:github.com/zhukovaskychina/xmysql-server/server/dispatcher.(*EnhancedBusinessMessageHandler).HandleQueryWithRealSession:130)  SQL执行错误: unsupported DDL action: truncate
[14:15:11 CST 2026/04/19] [ERRO] (enhanced_message_handler.go:github.com/zhukovaskychina/xmysql-server/server/dispatcher.(*EnhancedBusinessMessageHandler).HandleQueryWithRealSession:130)  SQL执行错误: unsupported DDL action: truncate
[14:15:11 CST 2026/04/19] [ERRO] (decoupled_handler.go:github.com/zhukovaskychina/xmysql-server/server/net.(*DecoupledMySQLMessageHandler).OnMessage:329) [OnMessage] [COM_QUIT: quit] SessionID=session session-closed, Read Bytes: 1610, Write Bytes: 1838, Read Pkgs: 15, Write Pkgs: 37, RemoteAddr=127.0.0.1:49260 - 找不到会话
[14:15:12 CST 2026/04/19] [ERRO] (decoupled_handler.go:github.com/zhukovaskychina/xmysql-server/server/net.(*DecoupledMySQLMessageHandler).OnMessage:329) [OnMessage] [COM_QUIT: quit] SessionID=session session-closed, Read Bytes: 1012, Write Bytes: 1434, Read Pkgs: 3, Write Pkgs: 25, RemoteAddr=127.0.0.1:49263 - 找不到会话
[14:15:12 CST 2026/04/19] [ERRO] (decoupled_handler.go:github.com/zhukovaskychina/xmysql-server/server/net.(*DecoupledMySQLMessageHandler).OnMessage:329) [OnMessage] [COM_QUIT: quit] SessionID=session session-closed, Read Bytes: 1012, Write Bytes: 1434, Read Pkgs: 3, Write Pkgs: 25, RemoteAddr=127.0.0.1:49266 - 找不到会话
[14:15:12 CST 2026/04/19] [ERRO] (decoupled_handler.go:github.com/zhukovaskychina/xmysql-server/server/net.(*DecoupledMySQLMessageHandler).OnMessage:329) [OnMessage] [COM_QUIT: quit] SessionID=session session-closed, Read Bytes: 1012, Write Bytes: 1434, Read Pkgs: 3, Write Pkgs: 25, RemoteAddr=127.0.0.1:49267 - 找不到会话
[14:15:12 CST 2026/04/19] [ERRO] (decoupled_handler.go:github.com/zhukovaskychina/xmysql-server/server/net.(*DecoupledMySQLMessageHandler).OnMessage:329) [OnMessage] [COM_QUIT: quit] SessionID=session session-closed, Read Bytes: 1018, Write Bytes: 1478, Read Pkgs: 3, Write Pkgs: 25, RemoteAddr=127.0.0.1:49269 - 找不到会话
[14:15:12 CST 2026/04/19] [ERRO] (decoupled_handler.go:github.com/zhukovaskychina/xmysql-server/server/net.(*DecoupledMySQLMessageHandler).OnMessage:329) [OnMessage] [COM_QUIT: quit] SessionID=session session-closed, Read Bytes: 1012, Write Bytes: 1434, Read Pkgs: 3, Write Pkgs: 25, RemoteAddr=127.0.0.1:49270 - 找不到会话
[14:15:12 CST 2026/04/19] [ERRO] (enhanced_message_handler.go:github.com/zhukovaskychina/xmysql-server/server/dispatcher.(*EnhancedBusinessMessageHandler).HandleQueryWithRealSession:130)  SQL执行错误: unsupported DDL action: truncate
[14:15:12 CST 2026/04/19] [ERRO] (enhanced_message_handler.go:github.com/zhukovaskychina/xmysql-server/server/dispatcher.(*EnhancedBusinessMessageHandler).HandleQueryWithRealSession:130)  SQL执行错误: unsupported DDL action: truncate
[14:15:12 CST 2026/04/19] [ERRO] (enhanced_message_handler.go:github.com/zhukovaskychina/xmysql-server/server/dispatcher.(*EnhancedBusinessMessageHandler).HandleQueryWithRealSession:130)  SQL执行错误: unsupported DDL action: truncate
[14:15:12 CST 2026/04/19] [ERRO] (enhanced_message_handler.go:github.com/zhukovaskychina/xmysql-server/server/dispatcher.(*EnhancedBusinessMessageHandler).HandleQueryWithRealSession:130)  SQL执行错误: unsupported DDL action: truncate
[14:15:12 CST 2026/04/19] [ERRO] (enhanced_message_handler.go:github.com/zhukovaskychina/xmysql-server/server/dispatcher.(*EnhancedBusinessMessageHandler).HandleQueryWithRealSession:130)  SQL执行错误: unsupported DDL action: truncate
[14:15:12 CST 2026/04/19] [ERRO] (enhanced_message_handler.go:github.com/zhukovaskychina/xmysql-server/server/dispatcher.(*EnhancedBusinessMessageHandler).HandleQueryWithRealSession:130)  SQL执行错误: unsupported DDL action: truncate
[14:15:12 CST 2026/04/19] [ERRO] (enhanced_message_handler.go:github.com/zhukovaskychina/xmysql-server/server/dispatcher.(*EnhancedBusinessMessageHandler).HandleQueryWithRealSession:130)  SQL执行错误: unsupported DDL action: truncate
[14:15:12 CST 2026/04/19] [ERRO] (enhanced_message_handler.go:github.com/zhukovaskychina/xmysql-server/server/dispatcher.(*EnhancedBusinessMessageHandler).HandleQueryWithRealSession:130)  SQL执行错误: unsupported DDL action: truncate
[14:15:12 CST 2026/04/19] [ERRO] (enhanced_message_handler.go:github.com/zhukovaskychina/xmysql-server/server/dispatcher.(*EnhancedBusinessMessageHandler).HandleQueryWithRealSession:130)  SQL执行错误: unsupported DDL action: truncate
[14:15:12 CST 2026/04/19] [ERRO] (enhanced_message_handler.go:github.com/zhukovaskychina/xmysql-server/server/dispatcher.(*EnhancedBusinessMessageHandler).HandleQueryWithRealSession:130)  SQL执行错误: unsupported DDL action: truncate
[14:15:12 CST 2026/04/19] [ERRO] (enhanced_message_handler.go:github.com/zhukovaskychina/xmysql-server/server/dispatcher.(*EnhancedBusinessMessageHandler).HandleQueryWithRealSession:130)  SQL执行错误: unsupported DDL action: truncate
[14:15:12 CST 2026/04/19] [ERRO] (enhanced_message_handler.go:github.com/zhukovaskychina/xmysql-server/server/dispatcher.(*EnhancedBusinessMessageHandler).HandleQueryWithRealSession:130)  SQL执行错误: unsupported DDL action: truncate
[14:15:12 CST 2026/04/19] [ERRO] (enhanced_message_handler.go:github.com/zhukovaskychina/xmysql-server/server/dispatcher.(*EnhancedBusinessMessageHandler).HandleQueryWithRealSession:130)  SQL执行错误: unsupported DDL action: truncate
[14:15:12 CST 2026/04/19] [ERRO] (decoupled_handler.go:github.com/zhukovaskychina/xmysql-server/server/net.(*DecoupledMySQLMessageHandler).OnMessage:329) [OnMessage] [COM_QUIT: quit] SessionID=session session-closed, Read Bytes: 1898, Write Bytes: 2074, Read Pkgs: 21, Write Pkgs: 43, RemoteAddr=127.0.0.1:49272 - 找不到会话
[06:44:20 CST 2026/05/17] [ERRO] (decoupled_handler.go:github.com/zhukovaskychina/xmysql-server/server/net.(*DecoupledMySQLMessageHandler).handleAuthentication:747) 认证失败: Access denied for user 'root'@'localhost' (using password: YES)
[06:47:04 CST 2026/05/17] [ERRO] (enhanced_message_handler.go:github.com/zhukovaskychina/xmysql-server/server/dispatcher.(*EnhancedBusinessMessageHandler).checkQueryPrivilege:407)  权限检查失败: access denied: user 'root'@'127.0.0.1' lacks Select privilege
[06:47:04 CST 2026/05/17] [ERRO] (enhanced_message_handler.go:github.com/zhukovaskychina/xmysql-server/server/dispatcher.(*EnhancedBusinessMessageHandler).HandleQueryWithRealSession:108)  权限检查失败: access denied: user 'root'@'127.0.0.1' lacks Select privilege
[06:47:04 CST 2026/05/17] [ERRO] (enhanced_message_handler.go:github.com/zhukovaskychina/xmysql-server/server/dispatcher.(*EnhancedBusinessMessageHandler).checkQueryPrivilege:407)  权限检查失败: access denied: user 'root'@'127.0.0.1' lacks Select privilege
[06:47:04 CST 2026/05/17] [ERRO] (enhanced_message_handler.go:github.com/zhukovaskychina/xmysql-server/server/dispatcher.(*EnhancedBusinessMessageHandler).HandleQueryWithRealSession:108)  权限检查失败: access denied: user 'root'@'127.0.0.1' lacks Select privilege
[06:47:04 CST 2026/05/17] [ERRO] (enhanced_message_handler.go:github.com/zhukovaskychina/xmysql-server/server/dispatcher.(*EnhancedBusinessMessageHandler).checkQueryPrivilege:407)  权限检查失败: access denied: user 'root'@'127.0.0.1' lacks Select privilege
[06:47:04 CST 2026/05/17] [ERRO] (enhanced_message_handler.go:github.com/zhukovaskychina/xmysql-server/server/dispatcher.(*EnhancedBusinessMessageHandler).HandleQueryWithRealSession:108)  权限检查失败: access denied: user 'root'@'127.0.0.1' lacks Select privilege
[06:47:04 CST 2026/05/17] [ERRO] (enhanced_message_handler.go:github.com/zhukovaskychina/xmysql-server/server/dispatcher.(*EnhancedBusinessMessageHandler).checkQueryPrivilege:407)  权限检查失败: access denied: user 'root'@'127.0.0.1' lacks Select privilege
[06:47:04 CST 2026/05/17] [ERRO] (enhanced_message_handler.go:github.com/zhukovaskychina/xmysql-server/server/dispatcher.(*EnhancedBusinessMessageHandler).HandleQueryWithRealSession:108)  权限检查失败: access denied: user 'root'@'127.0.0.1' lacks Select privilege
[06:47:04 CST 2026/05/17] [ERRO] (enhanced_message_handler.go:github.com/zhukovaskychina/xmysql-server/server/dispatcher.(*EnhancedBusinessMessageHandler).checkQueryPrivilege:407)  权限检查失败: access denied: user 'root'@'127.0.0.1' lacks Select privilege
[06:47:04 CST 2026/05/17] [ERRO] (enhanced_message_handler.go:github.com/zhukovaskychina/xmysql-server/server/dispatcher.(*EnhancedBusinessMessageHandler).HandleQueryWithRealSession:108)  权限检查失败: access denied: user 'root'@'127.0.0.1' lacks Select privilege
[06:47:04 CST 2026/05/17] [ERRO] (enhanced_message_handler.go:github.com/zhukovaskychina/xmysql-server/server/dispatcher.(*EnhancedBusinessMessageHandler).checkQueryPrivilege:407)  权限检查失败: access denied: user 'root'@'127.0.0.1' lacks Select privilege
[06:47:04 CST 2026/05/17] [ERRO] (enhanced_message_handler.go:github.com/zhukovaskychina/xmysql-server/server/dispatcher.(*EnhancedBusinessMessageHandler).HandleQueryWithRealSession:108)  权限检查失败: access denied: user 'root'@'127.0.0.1' lacks Select privilege
[06:47:04 CST 2026/05/17] [ERRO] (enhanced_message_handler.go:github.com/zhukovaskychina/xmysql-server/server/dispatcher.(*EnhancedBusinessMessageHandler).checkQueryPrivilege:407)  权限检查失败: access denied: user 'root'@'127.0.0.1' lacks Select privilege
[06:47:04 CST 2026/05/17] [ERRO] (enhanced_message_handler.go:github.com/zhukovaskychina/xmysql-server/server/dispatcher.(*EnhancedBusinessMessageHandler).HandleQueryWithRealSession:108)  权限检查失败: access denied: user 'root'@'127.0.0.1' lacks Select privilege
[06:47:04 CST 2026/05/17] [ERRO] (decoupled_handler.go:github.com/zhukovaskychina/xmysql-server/server/net.(*DecoupledMySQLMessageHandler).OnMessage:330) [OnMessage] [COM_QUIT: quit] SessionID=session session-closed, Read Bytes: 314, Write Bytes: 696, Read Pkgs: 10, Write Pkgs: 15, RemoteAddr=127.0.0.1:63004 - 找不到会话
[06:48:18 CST 2026/05/17] [ERRO] (enhanced_message_handler.go:github.com/zhukovaskychina/xmysql-server/server/dispatcher.(*EnhancedBusinessMessageHandler).checkQueryPrivilege:413)  权限检查失败: access denied: user 'root'@'localhost' lacks Select privilege
[06:48:18 CST 2026/05/17] [ERRO] (enhanced_message_handler.go:github.com/zhukovaskychina/xmysql-server/server/dispatcher.(*EnhancedBusinessMessageHandler).HandleQueryWithRealSession:114)  权限检查失败: access denied: user 'root'@'localhost' lacks Select privilege
[06:48:18 CST 2026/05/17] [ERRO] (enhanced_message_handler.go:github.com/zhukovaskychina/xmysql-server/server/dispatcher.(*EnhancedBusinessMessageHandler).checkQueryPrivilege:413)  权限检查失败: access denied: user 'root'@'localhost' lacks Select privilege
[06:48:18 CST 2026/05/17] [ERRO] (enhanced_message_handler.go:github.com/zhukovaskychina/xmysql-server/server/dispatcher.(*EnhancedBusinessMessageHandler).HandleQueryWithRealSession:114)  权限检查失败: access denied: user 'root'@'localhost' lacks Select privilege
[06:48:18 CST 2026/05/17] [ERRO] (enhanced_message_handler.go:github.com/zhukovaskychina/xmysql-server/server/dispatcher.(*EnhancedBusinessMessageHandler).checkQueryPrivilege:413)  权限检查失败: access denied: user 'root'@'localhost' lacks Select privilege
[06:48:18 CST 2026/05/17] [ERRO] (enhanced_message_handler.go:github.com/zhukovaskychina/xmysql-server/server/dispatcher.(*EnhancedBusinessMessageHandler).HandleQueryWithRealSession:114)  权限检查失败: access denied: user 'root'@'localhost' lacks Select privilege
[06:48:18 CST 2026/05/17] [ERRO] (enhanced_message_handler.go:github.com/zhukovaskychina/xmysql-server/server/dispatcher.(*EnhancedBusinessMessageHandler).checkQueryPrivilege:413)  权限检查失败: access denied: user 'root'@'localhost' lacks Select privilege
[06:48:18 CST 2026/05/17] [ERRO] (enhanced_message_handler.go:github.com/zhukovaskychina/xmysql-server/server/dispatcher.(*EnhancedBusinessMessageHandler).HandleQueryWithRealSession:114)  权限检查失败: access denied: user 'root'@'localhost' lacks Select privilege
[06:48:18 CST 2026/05/17] [ERRO] (enhanced_message_handler.go:github.com/zhukovaskychina/xmysql-server/server/dispatcher.(*EnhancedBusinessMessageHandler).checkQueryPrivilege:413)  权限检查失败: access denied: user 'root'@'localhost' lacks Select privilege
[06:48:18 CST 2026/05/17] [ERRO] (enhanced_message_handler.go:github.com/zhukovaskychina/xmysql-server/server/dispatcher.(*EnhancedBusinessMessageHandler).HandleQueryWithRealSession:114)  权限检查失败: access denied: user 'root'@'localhost' lacks Select privilege
[06:48:18 CST 2026/05/17] [ERRO] (enhanced_message_handler.go:github.com/zhukovaskychina/xmysql-server/server/dispatcher.(*EnhancedBusinessMessageHandler).checkQueryPrivilege:413)  权限检查失败: access denied: user 'root'@'localhost' lacks Select privilege
[06:48:18 CST 2026/05/17] [ERRO] (enhanced_message_handler.go:github.com/zhukovaskychina/xmysql-server/server/dispatcher.(*EnhancedBusinessMessageHandler).HandleQueryWithRealSession:114)  权限检查失败: access denied: user 'root'@'localhost' lacks Select privilege
[06:48:18 CST 2026/05/17] [ERRO] (enhanced_message_handler.go:github.com/zhukovaskychina/xmysql-server/server/dispatcher.(*EnhancedBusinessMessageHandler).checkQueryPrivilege:413)  权限检查失败: access denied: user 'root'@'localhost' lacks Select privilege
[06:48:18 CST 2026/05/17] [ERRO] (enhanced_message_handler.go:github.com/zhukovaskychina/xmysql-server/server/dispatcher.(*EnhancedBusinessMessageHandler).HandleQueryWithRealSession:114)  权限检查失败: access denied: user 'root'@'localhost' lacks Select privilege
[06:50:14 CST 2026/05/17] [ERRO] (enhanced_message_handler.go:github.com/zhukovaskychina/xmysql-server/server/dispatcher.(*EnhancedBusinessMessageHandler).checkQueryPrivilege:413)  权限检查失败: access denied: user 'root'@'localhost' lacks Select privilege
[06:50:14 CST 2026/05/17] [ERRO] (enhanced_message_handler.go:github.com/zhukovaskychina/xmysql-server/server/dispatcher.(*EnhancedBusinessMessageHandler).HandleQueryWithRealSession:114)  权限检查失败: access denied: user 'root'@'localhost' lacks Select privilege
[06:50:14 CST 2026/05/17] [ERRO] (enhanced_message_handler.go:github.com/zhukovaskychina/xmysql-server/server/dispatcher.(*EnhancedBusinessMessageHandler).checkQueryPrivilege:413)  权限检查失败: access denied: user 'root'@'localhost' lacks Select privilege
[06:50:14 CST 2026/05/17] [ERRO] (enhanced_message_handler.go:github.com/zhukovaskychina/xmysql-server/server/dispatcher.(*EnhancedBusinessMessageHandler).HandleQueryWithRealSession:114)  权限检查失败: access denied: user 'root'@'localhost' lacks Select privilege
[06:50:14 CST 2026/05/17] [ERRO] (enhanced_message_handler.go:github.com/zhukovaskychina/xmysql-server/server/dispatcher.(*EnhancedBusinessMessageHandler).checkQueryPrivilege:413)  权限检查失败: access denied: user 'root'@'localhost' lacks Select privilege
[06:50:14 CST 2026/05/17] [ERRO] (enhanced_message_handler.go:github.com/zhukovaskychina/xmysql-server/server/dispatcher.(*EnhancedBusinessMessageHandler).HandleQueryWithRealSession:114)  权限检查失败: access denied: user 'root'@'localhost' lacks Select privilege
[06:50:14 CST 2026/05/17] [ERRO] (enhanced_message_handler.go:github.com/zhukovaskychina/xmysql-server/server/dispatcher.(*EnhancedBusinessMessageHandler).checkQueryPrivilege:413)  权限检查失败: access denied: user 'root'@'localhost' lacks Select privilege
[06:50:14 CST 2026/05/17] [ERRO] (enhanced_message_handler.go:github.com/zhukovaskychina/xmysql-server/server/dispatcher.(*EnhancedBusinessMessageHandler).HandleQueryWithRealSession:114)  权限检查失败: access denied: user 'root'@'localhost' lacks Select privilege
[06:50:14 CST 2026/05/17] [ERRO] (enhanced_message_handler.go:github.com/zhukovaskychina/xmysql-server/server/dispatcher.(*EnhancedBusinessMessageHandler).checkQueryPrivilege:413)  权限检查失败: access denied: user 'root'@'localhost' lacks Select privilege
[06:50:14 CST 2026/05/17] [ERRO] (enhanced_message_handler.go:github.com/zhukovaskychina/xmysql-server/server/dispatcher.(*EnhancedBusinessMessageHandler).HandleQueryWithRealSession:114)  权限检查失败: access denied: user 'root'@'localhost' lacks Select privilege
[06:50:14 CST 2026/05/17] [ERRO] (enhanced_message_handler.go:github.com/zhukovaskychina/xmysql-server/server/dispatcher.(*EnhancedBusinessMessageHandler).checkQueryPrivilege:413)  权限检查失败: access denied: user 'root'@'localhost' lacks Select privilege
[06:50:14 CST 2026/05/17] [ERRO] (enhanced_message_handler.go:github.com/zhukovaskychina/xmysql-server/server/dispatcher.(*EnhancedBusinessMessageHandler).HandleQueryWithRealSession:114)  权限检查失败: access denied: user 'root'@'localhost' lacks Select privilege
[06:50:14 CST 2026/05/17] [ERRO] (enhanced_message_handler.go:github.com/zhukovaskychina/xmysql-server/server/dispatcher.(*EnhancedBusinessMessageHandler).checkQueryPrivilege:413)  权限检查失败: access denied: user 'root'@'localhost' lacks Select privilege
[06:50:14 CST 2026/05/17] [ERRO] (enhanced_message_handler.go:github.com/zhukovaskychina/xmysql-server/server/dispatcher.(*EnhancedBusinessMessageHandler).HandleQueryWithRealSession:114)  权限检查失败: access denied: user 'root'@'localhost' lacks Select privilege
[06:53:39 CST 2026/05/17] [ERRO] (enhanced_message_handler.go:github.com/zhukovaskychina/xmysql-server/server/dispatcher.(*EnhancedBusinessMessageHandler).checkQueryPrivilege:413)  权限检查失败: access denied: user 'root'@'localhost' lacks Select privilege
[06:53:39 CST 2026/05/17] [ERRO] (enhanced_message_handler.go:github.com/zhukovaskychina/xmysql-server/server/dispatcher.(*EnhancedBusinessMessageHandler).HandleQueryWithRealSession:114)  权限检查失败: access denied: user 'root'@'localhost' lacks Select privilege
[06:53:39 CST 2026/05/17] [ERRO] (enhanced_message_handler.go:github.com/zhukovaskychina/xmysql-server/server/dispatcher.(*EnhancedBusinessMessageHandler).checkQueryPrivilege:413)  权限检查失败: access denied: user 'root'@'localhost' lacks Select privilege
[06:53:39 CST 2026/05/17] [ERRO] (enhanced_message_handler.go:github.com/zhukovaskychina/xmysql-server/server/dispatcher.(*EnhancedBusinessMessageHandler).HandleQueryWithRealSession:114)  权限检查失败: access denied: user 'root'@'localhost' lacks Select privilege
[06:53:39 CST 2026/05/17] [ERRO] (enhanced_message_handler.go:github.com/zhukovaskychina/xmysql-server/server/dispatcher.(*EnhancedBusinessMessageHandler).checkQueryPrivilege:413)  权限检查失败: access denied: user 'root'@'localhost' lacks Select privilege
[06:53:39 CST 2026/05/17] [ERRO] (enhanced_message_handler.go:github.com/zhukovaskychina/xmysql-server/server/dispatcher.(*EnhancedBusinessMessageHandler).HandleQueryWithRealSession:114)  权限检查失败: access denied: user 'root'@'localhost' lacks Select privilege
[06:53:39 CST 2026/05/17] [ERRO] (enhanced_message_handler.go:github.com/zhukovaskychina/xmysql-server/server/dispatcher.(*EnhancedBusinessMessageHandler).checkQueryPrivilege:413)  权限检查失败: access denied: user 'root'@'localhost' lacks Select privilege
[06:53:39 CST 2026/05/17] [ERRO] (enhanced_message_handler.go:github.com/zhukovaskychina/xmysql-server/server/dispatcher.(*EnhancedBusinessMessageHandler).HandleQueryWithRealSession:114)  权限检查失败: access denied: user 'root'@'localhost' lacks Select privilege
[06:53:39 CST 2026/05/17] [ERRO] (enhanced_message_handler.go:github.com/zhukovaskychina/xmysql-server/server/dispatcher.(*EnhancedBusinessMessageHandler).checkQueryPrivilege:413)  权限检查失败: access denied: user 'root'@'localhost' lacks Select privilege
[06:53:39 CST 2026/05/17] [ERRO] (enhanced_message_handler.go:github.com/zhukovaskychina/xmysql-server/server/dispatcher.(*EnhancedBusinessMessageHandler).HandleQueryWithRealSession:114)  权限检查失败: access denied: user 'root'@'localhost' lacks Select privilege
[06:53:39 CST 2026/05/17] [ERRO] (enhanced_message_handler.go:github.com/zhukovaskychina/xmysql-server/server/dispatcher.(*EnhancedBusinessMessageHandler).checkQueryPrivilege:413)  权限检查失败: access denied: user 'root'@'localhost' lacks Select privilege
[06:53:39 CST 2026/05/17] [ERRO] (enhanced_message_handler.go:github.com/zhukovaskychina/xmysql-server/server/dispatcher.(*EnhancedBusinessMessageHandler).HandleQueryWithRealSession:114)  权限检查失败: access denied: user 'root'@'localhost' lacks Select privilege
[06:53:39 CST 2026/05/17] [ERRO] (enhanced_message_handler.go:github.com/zhukovaskychina/xmysql-server/server/dispatcher.(*EnhancedBusinessMessageHandler).checkQueryPrivilege:413)  权限检查失败: access denied: user 'root'@'localhost' lacks Select privilege
[06:53:39 CST 2026/05/17] [ERRO] (enhanced_message_handler.go:github.com/zhukovaskychina/xmysql-server/server/dispatcher.(*EnhancedBusinessMessageHandler).HandleQueryWithRealSession:114)  权限检查失败: access denied: user 'root'@'localhost' lacks Select privilege
[06:53:40 CST 2026/05/17] [ERRO] (decoupled_handler.go:github.com/zhukovaskychina/xmysql-server/server/net.(*DecoupledMySQLMessageHandler).OnMessage:330) [OnMessage] [COM_QUIT: quit] SessionID=session session-closed, Read Bytes: 314, Write Bytes: 696, Read Pkgs: 10, Write Pkgs: 15, RemoteAddr=127.0.0.1:64818 - 找不到会话
[06:54:10 CST 2026/05/17] [ERRO] (decoupled_handler.go:github.com/zhukovaskychina/xmysql-server/server/net.(*DecoupledMySQLMessageHandler).OnMessage:330) [OnMessage] [COM_QUIT: quit] SessionID=session session-closed, Read Bytes: 314, Write Bytes: 840, Read Pkgs: 10, Write Pkgs: 43, RemoteAddr=127.0.0.1:64965 - 找不到会话
[06:56:33 CST 2026/05/17] [ERRO] (enhanced_message_handler.go:github.com/zhukovaskychina/xmysql-server/server/dispatcher.(*EnhancedBusinessMessageHandler).HandleQueryWithRealSession:136)  SQL执行错误: execute storage-integrated INSERT failed: 获取表存储信息失败: table mysql.t1 not found in storage mapping
[06:56:33 CST 2026/05/17] [ERRO] (decoupled_handler.go:github.com/zhukovaskychina/xmysql-server/server/net.(*DecoupledMySQLMessageHandler).OnMessage:330) [OnMessage] [COM_QUIT: quit] SessionID=session session-closed, Read Bytes: 270, Write Bytes: 263, Read Pkgs: 5, Write Pkgs: 6, RemoteAddr=127.0.0.1:65377 - 找不到会话
